id_CR,doc,mention_id,Longueur,nature_premier_maillon,FS_premier_maillon,M1,M2,M3,M4,M5,M6,M7,M8,M9,M10
FR100003_CHAINE_c1,FR100003,c1,1,Pro,Suj,Pro,,,,,,,,,
FR100003_CHAINE_c3,FR100003,c3,3,SNind,autre,SNind,Pro,SNind,,,,,,,
FR100003_CHAINE_c2,FR100003,c2,1,SNdef,OD,SNdef,,,,,,,,,
FR100003_CHAINE_c4,FR100003,c4,1,SN∅,Obl,SN∅,,,,,,,,,
FR100003_CHAINE_c6,FR100003,c6,1,SNnum,Obl,SNnum,,,,,,,,,
FR100003_CHAINE_c7,FR100003,c7,1,SNdef,autre,SNdef,,,,,,,,,
FR100003_CHAINE_c5,FR100003,c5,1,SNind,OD,SNind,,,,,,,,,
FR100003_CHAINE_c8,FR100003,c8,1,SNdef,Obl,SNdef,,,,,,,,,
FR100003_CHAINE_c10,FR100003,c10,1,SNdef,Obl,SNdef,,,,,,,,,
FR100003_CHAINE_c11,FR100003,c11,1,SNind,Obl,SNind,,,,,,,,,
FR100003_CHAINE_c13,FR100003,c13,1,SNdef,autre,SNdef,,,,,,,,,
FR100003_CHAINE_c12,FR100003,c12,1,SNind,autre,SNind,,,,,,,,,
FR100003_CHAINE_c9,FR100003,c9,1,SNind,Obl,SNind,,,,,,,,,
FR100003_CHAINE_c15,FR100003,c15,1,SNdef,autre,SNdef,,,,,,,,,
FR100003_CHAINE_c16,FR100003,c16,1,SNind,autre,SNind,,,,,,,,,
FR100003_CHAINE_c18,FR100003,c18,1,SNdef,autre,SNdef,,,,,,,,,
FR100003_CHAINE_c17,FR100003,c17,1,SNdef,autre,SNdef,,,,,,,,,
FR100003_CHAINE_c19,FR100003,c19,1,SNind,autre,SNind,,,,,,,,,
FR100003_CHAINE_c20,FR100003,c20,1,SNind,autre,SNind,,,,,,,,,
FR100003_CHAINE_c14,FR100003,c14,1,Sujet_zero,autre,Sujet_zero,,,,,,,,,
FR100003_CHAINE_c21,FR100003,c21,1,SNdef,Suj,SNdef,,,,,,,,,
FR100003_CHAINE_c22,FR100003,c22,1,SN∅,autre,SN∅,,,,,,,,,
FR100003_CHAINE_c23,FR100003,c23,1,SNind,autre,SNind,,,,,,,,,
FR100003_CHAINE_c24,FR100003,c24,1,SNdef,autre,SNdef,,,,,,,,,
FR100003_CHAINE_c26,FR100003,c26,1,Autre,autre,Autre,,,,,,,,,
FR100003_CHAINE_c25,FR100003,c25,1,SNind,autre,SNind,,,,,,,,,
FR100003_CHAINE_c27,FR100003,c27,1,SNdef,Suj,SNdef,,,,,,,,,
FR100003_CHAINE_c28,FR100003,c28,1,SNind,OD,SNind,,,,,,,,,
FR100003_CHAINE_c29,FR100003,c29,1,SNind,autre,SNind,,,,,,,,,
FR100003_CHAINE_c31,FR100003,c31,1,SNnum,autre,SNnum,,,,,,,,,
FR100003_CHAINE_c30,FR100003,c30,1,SNind,autre,SNind,,,,,,,,,
FR100003_CHAINE_c32,FR100003,c32,1,SNdef,Suj,SNdef,,,,,,,,,
FR100003_CHAINE_c35,FR100003,c35,1,SNdef,Obl,SNdef,,,,,,,,,
FR100003_CHAINE_c34,FR100003,c34,3,SN∅,autre,SN∅,SNind,SNdef,,,,,,,
FR100003_CHAINE_c36,FR100003,c36,1,SNdef,Obl,SNdef,,,,,,,,,
FR100003_CHAINE_c37,FR100003,c37,2,SNdef,Obl,SNdef,SNdef,,,,,,,,
FR100003_CHAINE_c39,FR100003,c39,1,SNind,Obl,SNind,,,,,,,,,
FR100003_CHAINE_c38,FR100003,c38,1,SNind,autre,SNind,,,,,,,,,
FR100003_CHAINE_c33,FR100003,c33,3,SNind,OD,SNind,SNdef,SNdef,,,,,,,
FR100003_CHAINE_c40,FR100003,c40,1,SNdef,Suj,SNdef,,,,,,,,,
FR100003_CHAINE_c42,FR100003,c42,2,Autre,autre,Autre,SN∅,,,,,,,,
FR100003_CHAINE_c41,FR100003,c41,1,SNind,OD,SNind,,,,,,,,,
FR100003_CHAINE_c44,FR100003,c44,1,SNdef,autre,SNdef,,,,,,,,,
FR100003_CHAINE_c43,FR100003,c43,1,SN∅,autre,SN∅,,,,,,,,,
FR100003_CHAINE_c46,FR100003,c46,1,SN∅,autre,SN∅,,,,,,,,,
FR100003_CHAINE_c48,FR100003,c48,2,SNind,autre,SNind,SNnum,,,,,,,,
FR100003_CHAINE_c47,FR100003,c47,1,SN∅,autre,SN∅,,,,,,,,,
FR100003_CHAINE_c45,FR100003,c45,1,SNdef,Suj,SNdef,,,,,,,,,
FR100003_CHAINE_c49,FR100003,c49,1,SNdef,Obl,SNdef,,,,,,,,,
FR100003_CHAINE_c50,FR100003,c50,1,SNdef,Suj,SNdef,,,,,,,,,
FR100003_CHAINE_c51,FR100003,c51,1,SNdef,OD,SNdef,,,,,,,,,
FR100003_CHAINE_c52,FR100003,c52,1,SNdef,Obl,SNdef,,,,,,,,,
FR100003_CHAINE_c53,FR100003,c53,1,SNdef,autre,SNdef,,,,,,,,,
FR100003_CHAINE_c54,FR100003,c54,1,SN∅,autre,SN∅,,,,,,,,,
FR100003_CHAINE_c55,FR100003,c55,1,SNdef,OD,SNdef,,,,,,,,,
FR100003_CHAINE_c56,FR100003,c56,2,SNind,Suj,SNind,SNdef,,,,,,,,
FR100003_CHAINE_c57,FR100003,c57,1,SN∅,Obl,SN∅,,,,,,,,,
FR100003_CHAINE_c58,FR100003,c58,2,SNdef,Obl,SNdef,SNdef,,,,,,,,
FR100003_CHAINE_c59,FR100003,c59,1,SN∅,autre,SN∅,,,,,,,,,
FR100003_CHAINE_c60,FR100003,c60,1,SN∅,autre,SN∅,,,,,,,,,
FR100003_CHAINE_c62,FR100003,c62,1,SN∅,Obl,SN∅,,,,,,,,,
FR100003_CHAINE_c63,FR100003,c63,1,SN∅,autre,SN∅,,,,,,,,,
FR100003_CHAINE_c61,FR100003,c61,1,SN∅,autre,SN∅,,,,,,,,,
FR100003_CHAINE_c64,FR100003,c64,1,SN∅,autre,SN∅,,,,,,,,,
FR100003_CHAINE_c65,FR100003,c65,1,SNdef,Suj,SNdef,,,,,,,,,
FR100003_CHAINE_c66,FR100003,c66,1,SNind,Obl,SNind,,,,,,,,,
FR100003_CHAINE_c68,FR100003,c68,1,SNdef,Obl,SNdef,,,,,,,,,
FR100003_CHAINE_c67,FR100003,c67,1,SNdef,Obl,SNdef,,,,,,,,,
FR100003_CHAINE_c69,FR100003,c69,1,SNind,Suj,SNind,,,,,,,,,
FR100003_CHAINE_c71,FR100003,c71,1,SNdef,Obl,SNdef,,,,,,,,,
FR100003_CHAINE_c70,FR100003,c70,1,SNdef,OD,SNdef,,,,,,,,,
FR100003_CHAINE_c72,FR100003,c72,1,SNdef,autre,SNdef,,,,,,,,,
FR100003_CHAINE_c73,FR100003,c73,1,SNind,Obl,SNind,,,,,,,,,
FR100003_CHAINE_c74,FR100003,c74,1,SNdef,autre,SNdef,,,,,,,,,
FR100003_CHAINE_c76,FR100003,c76,1,SNdef,autre,SNdef,,,,,,,,,
FR100003_CHAINE_c75,FR100003,c75,1,SNdef,Suj,SNdef,,,,,,,,,
FR100003_CHAINE_c78,FR100003,c78,1,SNdef,autre,SNdef,,,,,,,,,
FR100003_CHAINE_c77,FR100003,c77,1,SNind,Suj,SNind,,,,,,,,,
FR100003_CHAINE_c79,FR100003,c79,1,SNind,OD,SNind,,,,,,,,,
FR100003_CHAINE_c80,FR100003,c80,1,SNdef,Suj,SNdef,,,,,,,,,
FR100003_CHAINE_c81,FR100003,c81,1,SNind,OD,SNind,,,,,,,,,
FR100003_CHAINE_c83,FR100003,c83,1,SNdef,autre,SNdef,,,,,,,,,
FR100003_CHAINE_c82,FR100003,c82,1,SNdef,Obl,SNdef,,,,,,,,,
FR100078_CHAINE_c1,FR100078,c1,4,SN∅,Suj,SN∅,SNdef,Pro,SNdef,,,,,,
FR100078_CHAINE_c2,FR100078,c2,2,Np,autre,Np,SNdef,,,,,,,,
FR100078_CHAINE_c3,FR100078,c3,1,SNdef,Obl,SNdef,,,,,,,,,
FR100078_CHAINE_c4,FR100078,c4,1,SNdef,Suj,SNdef,,,,,,,,,
FR100078_CHAINE_c6,FR100078,c6,1,SNind,autre,SNind,,,,,,,,,
FR100078_CHAINE_c7,FR100078,c7,1,SNdef,autre,SNdef,,,,,,,,,
FR100078_CHAINE_c8,FR100078,c8,1,SNdef,autre,SNdef,,,,,,,,,
FR100078_CHAINE_c10,FR100078,c10,1,SNdef,autre,SNdef,,,,,,,,,
FR100078_CHAINE_c9,FR100078,c9,1,SNind,autre,SNind,,,,,,,,,
FR100078_CHAINE_c11,FR100078,c11,1,Np,autre,Np,,,,,,,,,
FR100078_CHAINE_c5,FR100078,c5,1,SNdef,Obl,SNdef,,,,,,,,,
FR100078_CHAINE_c12,FR100078,c12,1,SNdef,Obl,SNdef,,,,,,,,,
FR100078_CHAINE_c13,FR100078,c13,2,SN∅,Obl,SN∅,SNdef,,,,,,,,
FR100078_CHAINE_c14,FR100078,c14,1,SN∅,autre,SN∅,,,,,,,,,
FR100078_CHAINE_c16,FR100078,c16,1,SN∅,autre,SN∅,,,,,,,,,
FR100078_CHAINE_c15,FR100078,c15,1,SN∅,autre,SN∅,,,,,,,,,
FR100078_CHAINE_c17,FR100078,c17,1,SNnum,autre,SNnum,,,,,,,,,
FR100078_CHAINE_c19,FR100078,c19,2,SNdef,autre,SNdef,SNdef,,,,,,,,
FR100078_CHAINE_c18,FR100078,c18,6,SNdef,OD,SNdef,SNdef,SNdef,SNdef,SN∅,SNdef,,,,
FR100078_CHAINE_c21,FR100078,c21,1,SNind,Obl,SNind,,,,,,,,,
FR100078_CHAINE_c20,FR100078,c20,2,SNdef,OD,SNdef,SNdem,,,,,,,,
FR100078_CHAINE_c22,FR100078,c22,1,Pro,Obl,Pro,,,,,,,,,
FR100078_CHAINE_c23,FR100078,c23,2,SNdef,Suj,SNdef,SNdef,,,,,,,,
FR100078_CHAINE_c24,FR100078,c24,1,SNind,Obl,SNind,,,,,,,,,
FR100078_CHAINE_c26,FR100078,c26,1,SN∅,autre,SN∅,,,,,,,,,
FR100078_CHAINE_c25,FR100078,c25,1,SN∅,Obl,SN∅,,,,,,,,,
FR100078_CHAINE_c27,FR100078,c27,1,SN∅,autre,SN∅,,,,,,,,,
FR100078_CHAINE_c28,FR100078,c28,1,SNdef,Suj,SNdef,,,,,,,,,
FR100078_CHAINE_c29,FR100078,c29,1,SNdef,autre,SNdef,,,,,,,,,
FR100078_CHAINE_c31,FR100078,c31,1,SN∅,autre,SN∅,,,,,,,,,
FR100078_CHAINE_c32,FR100078,c32,1,SNdef,Obl,SNdef,,,,,,,,,
FR100078_CHAINE_c30,FR100078,c30,1,SN∅,OD,SN∅,,,,,,,,,
FR100078_CHAINE_c33,FR100078,c33,1,SNdef,Suj,SNdef,,,,,,,,,
FR100078_CHAINE_c35,FR100078,c35,1,SNdef,autre,SNdef,,,,,,,,,
FR100078_CHAINE_c34,FR100078,c34,1,SNdef,Suj,SNdef,,,,,,,,,
FR100078_CHAINE_c37,FR100078,c37,1,SN∅,autre,SN∅,,,,,,,,,
FR100078_CHAINE_c38,FR100078,c38,1,SN∅,autre,SN∅,,,,,,,,,
FR100078_CHAINE_c36,FR100078,c36,1,SNind,OD,SNind,,,,,,,,,
FR100078_CHAINE_c39,FR100078,c39,1,SNdef,Suj,SNdef,,,,,,,,,
FR100078_CHAINE_c41,FR100078,c41,1,SN∅,autre,SN∅,,,,,,,,,
FR100078_CHAINE_c40,FR100078,c40,1,SNind,OD,SNind,,,,,,,,,
FR100078_CHAINE_c43,FR100078,c43,1,SN∅,autre,SN∅,,,,,,,,,
FR100078_CHAINE_c42,FR100078,c42,1,SNdef,Suj,SNdef,,,,,,,,,
FR100078_CHAINE_c46,FR100078,c46,1,SNdef,autre,SNdef,,,,,,,,,
FR100078_CHAINE_c45,FR100078,c45,1,SNdef,Obl,SNdef,,,,,,,,,
FR100078_CHAINE_c48,FR100078,c48,1,SN∅,autre,SN∅,,,,,,,,,
FR100078_CHAINE_c47,FR100078,c47,1,SNdef,OD,SNdef,,,,,,,,,
FR100078_CHAINE_c49,FR100078,c49,1,SNdef,autre,SNdef,,,,,,,,,
FR100078_CHAINE_c51,FR100078,c51,1,SNdef,autre,SNdef,,,,,,,,,
FR100078_CHAINE_c50,FR100078,c50,1,SNind,autre,SNind,,,,,,,,,
FR100078_CHAINE_c44,FR100078,c44,1,Sujet_zero,autre,Sujet_zero,,,,,,,,,
FR100078_CHAINE_c53,FR100078,c53,2,SN∅,autre,SN∅,SNdem,,,,,,,,
FR100078_CHAINE_c52,FR100078,c52,1,SNind,OD,SNind,,,,,,,,,
FR100078_CHAINE_c55,FR100078,c55,1,SNdef,autre,SNdef,,,,,,,,,
FR100078_CHAINE_c54,FR100078,c54,1,SNdef,OD,SNdef,,,,,,,,,
FR100078_CHAINE_c56,FR100078,c56,1,SNdef,Suj,SNdef,,,,,,,,,
FR100078_CHAINE_c57,FR100078,c57,1,Autre,autre,Autre,,,,,,,,,
FR100078_CHAINE_c58,FR100078,c58,1,SNdef,Suj,SNdef,,,,,,,,,
FR100078_CHAINE_c59,FR100078,c59,1,SNind,Obl,SNind,,,,,,,,,
FR100078_CHAINE_c60,FR100078,c60,1,SN∅,autre,SN∅,,,,,,,,,
FR100078_CHAINE_c61,FR100078,c61,1,SN∅,autre,SN∅,,,,,,,,,
FR100078_CHAINE_c62,FR100078,c62,1,SN∅,autre,SN∅,,,,,,,,,
FR100078_CHAINE_c63,FR100078,c63,1,SNdef,autre,SNdef,,,,,,,,,
FR100078_CHAINE_c64,FR100078,c64,1,SNind,autre,SNind,,,,,,,,,
FR100078_CHAINE_c65,FR100078,c65,1,SNind,autre,SNind,,,,,,,,,
FR100078_CHAINE_c66,FR100078,c66,1,SNind,OD,SNind,,,,,,,,,
FR100078_CHAINE_c67,FR100078,c67,1,SNdef,Obl,SNdef,,,,,,,,,
FR100078_CHAINE_c68,FR100078,c68,1,SNdef,autre,SNdef,,,,,,,,,
FR100078_CHAINE_c71,FR100078,c71,1,SNdef,autre,SNdef,,,,,,,,,
FR100078_CHAINE_c70,FR100078,c70,1,SNdef,autre,SNdef,,,,,,,,,
FR100078_CHAINE_c69,FR100078,c69,1,SNdef,autre,SNdef,,,,,,,,,
FR100078_CHAINE_c72,FR100078,c72,1,SNdef,Suj,SNdef,,,,,,,,,
FR100078_CHAINE_c73,FR100078,c73,1,SNdef,Obl,SNdef,,,,,,,,,
FR100078_CHAINE_c74,FR100078,c74,1,SNdef,autre,SNdef,,,,,,,,,
FR100092_CHAINE_c1,FR100092,c1,3,SN∅,Obl,SN∅,SNdef,SNdef,,,,,,,
FR100092_CHAINE_c2,FR100092,c2,1,SNnum,Obl,SNnum,,,,,,,,,
FR100092_CHAINE_c3,FR100092,c3,1,SNnum,Obl,SNnum,,,,,,,,,
FR100092_CHAINE_c5,FR100092,c5,1,Poss,autre,Poss,,,,,,,,,
FR100092_CHAINE_c4,FR100092,c4,1,Poss,Obl,Poss,,,,,,,,,
FR100092_CHAINE_c8,FR100092,c8,1,SNdef,autre,SNdef,,,,,,,,,
FR100092_CHAINE_c7,FR100092,c7,1,SNind,autre,SNind,,,,,,,,,
FR100092_CHAINE_c9,FR100092,c9,1,SNnum,Obl,SNnum,,,,,,,,,
FR100092_CHAINE_c12,FR100092,c12,1,SNnum,autre,SNnum,,,,,,,,,
FR100092_CHAINE_c11,FR100092,c11,1,SN∅,autre,SN∅,,,,,,,,,
FR100092_CHAINE_c10,FR100092,c10,1,SNdef,Obl,SNdef,,,,,,,,,
FR100092_CHAINE_c6,FR100092,c6,1,SN∅,Obl,SN∅,,,,,,,,,
FR100092_CHAINE_c14,FR100092,c14,1,SNdef,autre,SNdef,,,,,,,,,
FR100092_CHAINE_c13,FR100092,c13,1,SNdef,Suj,SNdef,,,,,,,,,
FR100092_CHAINE_c15,FR100092,c15,1,SNind,OD,SNind,,,,,,,,,
FR100092_CHAINE_c16,FR100092,c16,1,SNdef,autre,SNdef,,,,,,,,,
FR100092_CHAINE_c17,FR100092,c17,1,SNind,Obl,SNind,,,,,,,,,
FR100092_CHAINE_c19,FR100092,c19,1,SNnum,autre,SNnum,,,,,,,,,
FR100092_CHAINE_c18,FR100092,c18,1,SNind,autre,SNind,,,,,,,,,
FR100092_CHAINE_c20,FR100092,c20,1,SN∅,autre,SN∅,,,,,,,,,
FR100092_CHAINE_c21,FR100092,c21,1,SNdef,Suj,SNdef,,,,,,,,,
FR100092_CHAINE_c22,FR100092,c22,1,SNind,OD,SNind,,,,,,,,,
FR100092_CHAINE_c23,FR100092,c23,1,SNdef,Suj,SNdef,,,,,,,,,
FR100092_CHAINE_c24,FR100092,c24,1,SNind,OD,SNind,,,,,,,,,
FR100092_CHAINE_c26,FR100092,c26,1,SNdef,Obl,SNdef,,,,,,,,,
FR100092_CHAINE_c25,FR100092,c25,1,SNind,autre,SNind,,,,,,,,,
FR100092_CHAINE_c28,FR100092,c28,1,SN∅,autre,SN∅,,,,,,,,,
FR100092_CHAINE_c30,FR100092,c30,1,SN∅,autre,SN∅,,,,,,,,,
FR100092_CHAINE_c29,FR100092,c29,1,SNind,autre,SNind,,,,,,,,,
FR100092_CHAINE_c27,FR100092,c27,2,SNind,autre,SNind,SNdef,,,,,,,,
FR100092_CHAINE_c31,FR100092,c31,1,SNdef,autre,SNdef,,,,,,,,,
FR100092_CHAINE_c32,FR100092,c32,1,SN∅,autre,SN∅,,,,,,,,,
FR100092_CHAINE_c33,FR100092,c33,2,SNind,Obl,SNind,Pro,,,,,,,,
FR100092_CHAINE_c34,FR100092,c34,1,SNdef,Obl,SNdef,,,,,,,,,
FR100092_CHAINE_c36,FR100092,c36,2,SNind,autre,SNind,SNdef,,,,,,,,
FR100092_CHAINE_c37,FR100092,c37,1,SNnum,OD,SNnum,,,,,,,,,
FR100092_CHAINE_c35,FR100092,c35,1,SN∅,autre,SN∅,,,,,,,,,
FR100092_CHAINE_c38,FR100092,c38,1,SNdef,Suj,SNdef,,,,,,,,,
FR100092_CHAINE_c39,FR100092,c39,1,SNind,autre,SNind,,,,,,,,,
FR100092_CHAINE_c40,FR100092,c40,1,SNind,Suj,SNind,,,,,,,,,
FR100092_CHAINE_c42,FR100092,c42,2,SN∅,autre,SN∅,SN∅,,,,,,,,
FR100092_CHAINE_c41,FR100092,c41,1,SNdef,Suj,SNdef,,,,,,,,,
FR100092_CHAINE_c43,FR100092,c43,1,SNnum,Obl,SNnum,,,,,,,,,
FR100092_CHAINE_c44,FR100092,c44,1,SNdef,Suj,SNdef,,,,,,,,,
FR100092_CHAINE_c46,FR100092,c46,1,SN∅,autre,SN∅,,,,,,,,,
FR100092_CHAINE_c45,FR100092,c45,1,SNdef,OD,SNdef,,,,,,,,,
FR100092_CHAINE_c48,FR100092,c48,1,SNdef,autre,SNdef,,,,,,,,,
FR100092_CHAINE_c47,FR100092,c47,1,SNdef,Suj,SNdef,,,,,,,,,
FR100092_CHAINE_c50,FR100092,c50,1,SNnum,autre,SNnum,,,,,,,,,
FR100092_CHAINE_c51,FR100092,c51,1,SNdef,autre,SNdef,,,,,,,,,
FR100092_CHAINE_c52,FR100092,c52,1,Autre,autre,Autre,,,,,,,,,
FR100092_CHAINE_c49,FR100092,c49,1,SNind,OD,SNind,,,,,,,,,
FR100092_CHAINE_c53,FR100092,c53,1,SNind,Obl,SNind,,,,,,,,,
FR100092_CHAINE_c54,FR100092,c54,2,SNdef,autre,SNdef,SNdef,,,,,,,,
FR100092_CHAINE_c56,FR100092,c56,1,SNind,autre,SNind,,,,,,,,,
FR100092_CHAINE_c58,FR100092,c58,1,SNind,autre,SNind,,,,,,,,,
FR100092_CHAINE_c57,FR100092,c57,1,SN∅,autre,SN∅,,,,,,,,,
FR100092_CHAINE_c59,FR100092,c59,1,SN∅,autre,SN∅,,,,,,,,,
FR100092_CHAINE_c55,FR100092,c55,1,SN∅,autre,SN∅,,,,,,,,,
FR100092_CHAINE_c61,FR100092,c61,1,SNind,OD,SNind,,,,,,,,,
FR100092_CHAINE_c60,FR100092,c60,1,SNdef,Obl,SNdef,,,,,,,,,
FR100092_CHAINE_c62,FR100092,c62,1,SNdef,Suj,SNdef,,,,,,,,,
FR100092_CHAINE_c63,FR100092,c63,1,SNdef,OD,SNdef,,,,,,,,,
FR100092_CHAINE_c64,FR100092,c64,1,SNind,Obl,SNind,,,,,,,,,
FR100092_CHAINE_c65,FR100092,c65,1,SNind,Suj,SNind,,,,,,,,,
FR100092_CHAINE_c66,FR100092,c66,1,SNdef,Suj,SNdef,,,,,,,,,
FR100092_CHAINE_c67,FR100092,c67,1,SNind,OD,SNind,,,,,,,,,
FR100092_CHAINE_c69,FR100092,c69,1,SN∅,Obl,SN∅,,,,,,,,,
FR100092_CHAINE_c68,FR100092,c68,1,SNind,autre,SNind,,,,,,,,,
FR100092_CHAINE_c70,FR100092,c70,1,SNdef,Suj,SNdef,,,,,,,,,
FR100092_CHAINE_c71,FR100092,c71,1,SN∅,autre,SN∅,,,,,,,,,
FR100092_CHAINE_c72,FR100092,c72,1,Autre,Obl,Autre,,,,,,,,,
FR100120_CHAINE_c2,FR100120,c2,1,SNnum,Obl,SNnum,,,,,,,,,
FR100120_CHAINE_c1,FR100120,c1,5,SNind,Obl,SNind,Poss,SNdem,Pro,Poss,,,,,
FR100120_CHAINE_c3,FR100120,c3,1,SNdef,autre,SNdef,,,,,,,,,
FR100120_CHAINE_c4,FR100120,c4,2,SN∅,autre,SN∅,SN∅,,,,,,,,
FR100120_CHAINE_c5,FR100120,c5,1,SNdef,Obl,SNdef,,,,,,,,,
FR100120_CHAINE_c6,FR100120,c6,1,Poss,Obl,Poss,,,,,,,,,
FR100120_CHAINE_c9,FR100120,c9,1,SN∅,Obl,SN∅,,,,,,,,,
FR100120_CHAINE_c10,FR100120,c10,1,SNnum,Obl,SNnum,,,,,,,,,
FR100120_CHAINE_c8,FR100120,c8,3,SNind,OD,SNind,SN∅,Poss,,,,,,,
FR100120_CHAINE_c11,FR100120,c11,1,SNind,autre,SNind,,,,,,,,,
FR100120_CHAINE_c12,FR100120,c12,1,SN∅,Suj,SN∅,,,,,,,,,
FR100120_CHAINE_c13,FR100120,c13,1,SNnum,OD,SNnum,,,,,,,,,
FR100120_CHAINE_c14,FR100120,c14,1,SNind,Obl,SNind,,,,,,,,,
FR100120_CHAINE_c7,FR100120,c7,1,SNind,OD,SNind,,,,,,,,,
FR100120_CHAINE_c15,FR100120,c15,1,SN∅,Obl,SN∅,,,,,,,,,
FR100120_CHAINE_c16,FR100120,c16,1,SNnum,Obl,SNnum,,,,,,,,,
FR100120_CHAINE_c17,FR100120,c17,1,SNind,Obl,SNind,,,,,,,,,
FR100120_CHAINE_c18,FR100120,c18,1,Np,autre,Np,,,,,,,,,
FR100120_CHAINE_c19,FR100120,c19,1,SNind,Obl,SNind,,,,,,,,,
FR100120_CHAINE_c20,FR100120,c20,1,SNdef,Obl,SNdef,,,,,,,,,
FR100120_CHAINE_c22,FR100120,c22,1,SNnum,Obl,SNnum,,,,,,,,,
FR100120_CHAINE_c24,FR100120,c24,1,SNdef,autre,SNdef,,,,,,,,,
FR100120_CHAINE_c25,FR100120,c25,1,SNdef,autre,SNdef,,,,,,,,,
FR100120_CHAINE_c23,FR100120,c23,1,SNdef,Obl,SNdef,,,,,,,,,
FR100120_CHAINE_c21,FR100120,c21,5,SNnum,Obl,SNnum,SNnum,SNdef,SNind,SNdef,,,,,
FR100120_CHAINE_c26,FR100120,c26,2,SNdef,Suj,SNdef,SNdef,,,,,,,,
FR100120_CHAINE_c27,FR100120,c27,1,SNnum,autre,SNnum,,,,,,,,,
FR100120_CHAINE_c28,FR100120,c28,2,SNind,Obl,SNind,SNind,,,,,,,,
FR100120_CHAINE_c29,FR100120,c29,2,SNdef,OD,SNdef,SN∅,,,,,,,,
FR100120_CHAINE_c30,FR100120,c30,1,SNind,Obl,SNind,,,,,,,,,
FR100120_CHAINE_c31,FR100120,c31,1,SN∅,autre,SN∅,,,,,,,,,
FR100120_CHAINE_c32,FR100120,c32,1,SNdef,Suj,SNdef,,,,,,,,,
FR100120_CHAINE_c33,FR100120,c33,1,SN∅,autre,SN∅,,,,,,,,,
FR100120_CHAINE_c34,FR100120,c34,1,SNdef,Suj,SNdef,,,,,,,,,
FR100120_CHAINE_c35,FR100120,c35,1,SN∅,OD,SN∅,,,,,,,,,
FR100120_CHAINE_c36,FR100120,c36,1,SNdef,Obl,SNdef,,,,,,,,,
FR100120_CHAINE_c38,FR100120,c38,1,SN∅,autre,SN∅,,,,,,,,,
FR100120_CHAINE_c40,FR100120,c40,1,SNnum,autre,SNnum,,,,,,,,,
FR100120_CHAINE_c39,FR100120,c39,1,SNdef,autre,SNdef,,,,,,,,,
FR100120_CHAINE_c41,FR100120,c41,1,SN∅,autre,SN∅,,,,,,,,,
FR100120_CHAINE_c42,FR100120,c42,1,SNnum,autre,SNnum,,,,,,,,,
FR100120_CHAINE_c43,FR100120,c43,1,SN∅,autre,SN∅,,,,,,,,,
FR100120_CHAINE_c44,FR100120,c44,1,SNdef,autre,SNdef,,,,,,,,,
FR100120_CHAINE_c37,FR100120,c37,1,SNind,Suj,SNind,,,,,,,,,
FR100120_CHAINE_c45,FR100120,c45,1,SNdef,Suj,SNdef,,,,,,,,,
FR100120_CHAINE_c46,FR100120,c46,1,SN∅,autre,SN∅,,,,,,,,,
FR100120_CHAINE_c47,FR100120,c47,3,SNind,Obl,SNind,SN∅,SNdef,,,,,,,
FR100120_CHAINE_c48,FR100120,c48,1,SN∅,autre,SN∅,,,,,,,,,
FR100120_CHAINE_c50,FR100120,c50,1,SN∅,autre,SN∅,,,,,,,,,
FR100120_CHAINE_c49,FR100120,c49,1,SNnum,Obl,SNnum,,,,,,,,,
FR100120_CHAINE_c52,FR100120,c52,1,SN∅,autre,SN∅,,,,,,,,,
FR100120_CHAINE_c51,FR100120,c51,5,SNnum,Suj,SNnum,SNdem,Pro,SNdef,SNdef,,,,,
FR100120_CHAINE_c53,FR100120,c53,1,SNind,autre,SNind,,,,,,,,,
FR100120_CHAINE_c55,FR100120,c55,1,SNind,autre,SNind,,,,,,,,,
FR100120_CHAINE_c54,FR100120,c54,1,SNdef,Obl,SNdef,,,,,,,,,
FR100120_CHAINE_c56,FR100120,c56,1,SNdef,Suj,SNdef,,,,,,,,,
FR100120_CHAINE_c58,FR100120,c58,1,SNdef,autre,SNdef,,,,,,,,,
FR100120_CHAINE_c57,FR100120,c57,1,SNdef,autre,SNdef,,,,,,,,,
FR100120_CHAINE_c60,FR100120,c60,1,SN∅,autre,SN∅,,,,,,,,,
FR100120_CHAINE_c59,FR100120,c59,1,SNdef,autre,SNdef,,,,,,,,,
FR100120_CHAINE_c61,FR100120,c61,1,SNdef,Obl,SNdef,,,,,,,,,
FR100120_CHAINE_c63,FR100120,c63,1,SN∅,autre,SN∅,,,,,,,,,
FR100120_CHAINE_c62,FR100120,c62,1,SNdef,Obl,SNdef,,,,,,,,,
FR100120_CHAINE_c64,FR100120,c64,1,Np,Obl,Np,,,,,,,,,
FR100130_CHAINE_c2,FR100130,c2,1,SNnum,Obl,SNnum,,,,,,,,,
FR100130_CHAINE_c3,FR100130,c3,1,SN∅,autre,SN∅,,,,,,,,,
FR100130_CHAINE_c4,FR100130,c4,1,Poss,Obl,Poss,,,,,,,,,
FR100130_CHAINE_c5,FR100130,c5,1,Autre,Obl,Autre,,,,,,,,,
FR100130_CHAINE_c8,FR100130,c8,1,SNdef,Obl,SNdef,,,,,,,,,
FR100130_CHAINE_c7,FR100130,c7,2,SN∅,autre,SN∅,SNdef,,,,,,,,
FR100130_CHAINE_c9,FR100130,c9,1,SNind,autre,SNind,,,,,,,,,
FR100130_CHAINE_c11,FR100130,c11,1,SNdef,autre,SNdef,,,,,,,,,
FR100130_CHAINE_c10,FR100130,c10,1,SNind,Obl,SNind,,,,,,,,,
FR100130_CHAINE_c12,FR100130,c12,1,SNind,Obl,SNind,,,,,,,,,
FR100130_CHAINE_c6,FR100130,c6,1,SN∅,Obl,SN∅,,,,,,,,,
FR100130_CHAINE_c1,FR100130,c1,7,SNind,Obl,SNind,Pro,Pro,Poss,SNdef,SNdef,SNdef,,,
FR100130_CHAINE_c13,FR100130,c13,1,SN∅,Obl,SN∅,,,,,,,,,
FR100130_CHAINE_c14,FR100130,c14,1,SNdef,Suj,SNdef,,,,,,,,,
FR100130_CHAINE_c16,FR100130,c16,1,SN∅,autre,SN∅,,,,,,,,,
FR100130_CHAINE_c15,FR100130,c15,1,SNind,OD,SNind,,,,,,,,,
FR100130_CHAINE_c17,FR100130,c17,2,Pro,Suj,Pro,Pro,,,,,,,,
FR100130_CHAINE_c18,FR100130,c18,1,SNind,OD,SNind,,,,,,,,,
FR100130_CHAINE_c20,FR100130,c20,2,SNdef,autre,SNdef,SNdef,,,,,,,,
FR100130_CHAINE_c21,FR100130,c21,1,SNdef,autre,SNdef,,,,,,,,,
FR100130_CHAINE_c22,FR100130,c22,1,SNdef,autre,SNdef,,,,,,,,,
FR100130_CHAINE_c19,FR100130,c19,5,SNind,Obl,SNind,SNdem,SNdef,SNdef,SNdef,,,,,
FR100130_CHAINE_c24,FR100130,c24,1,SNdef,Obl,SNdef,,,,,,,,,
FR100130_CHAINE_c23,FR100130,c23,2,SNdef,Obl,SNdef,SNdef,,,,,,,,
FR100130_CHAINE_c25,FR100130,c25,1,SN∅,OD,SN∅,,,,,,,,,
FR100130_CHAINE_c26,FR100130,c26,1,SNdef,Suj,SNdef,,,,,,,,,
FR100130_CHAINE_c27,FR100130,c27,1,SNdef,Obl,SNdef,,,,,,,,,
FR100130_CHAINE_c28,FR100130,c28,1,SNdef,Suj,SNdef,,,,,,,,,
FR100130_CHAINE_c29,FR100130,c29,1,SN∅,autre,SN∅,,,,,,,,,
FR100130_CHAINE_c30,FR100130,c30,1,SNdef,Suj,SNdef,,,,,,,,,
FR100130_CHAINE_c31,FR100130,c31,1,SNdef,Suj,SNdef,,,,,,,,,
FR100130_CHAINE_c32,FR100130,c32,1,SN∅,OD,SN∅,,,,,,,,,
FR100130_CHAINE_c33,FR100130,c33,2,SNdef,Suj,SNdef,Autre,,,,,,,,
FR100130_CHAINE_c34,FR100130,c34,2,SN∅,autre,SN∅,Autre,,,,,,,,
FR100130_CHAINE_c36,FR100130,c36,1,SNdef,Suj,SNdef,,,,,,,,,
FR100130_CHAINE_c37,FR100130,c37,1,SNdef,autre,SNdef,,,,,,,,,
FR100130_CHAINE_c38,FR100130,c38,2,SNdef,autre,SNdef,SNind,,,,,,,,
FR100130_CHAINE_c35,FR100130,c35,1,SNdef,Suj,SNdef,,,,,,,,,
FR100130_CHAINE_c39,FR100130,c39,3,SNdef,Suj,SNdef,SN∅,SNdem,,,,,,,
FR100130_CHAINE_c40,FR100130,c40,2,SNdef,Suj,SNdef,SNdef,,,,,,,,
FR100130_CHAINE_c41,FR100130,c41,2,SNdef,Obl,SNdef,Pro,,,,,,,,
FR100130_CHAINE_c43,FR100130,c43,1,SN∅,Obl,SN∅,,,,,,,,,
FR100130_CHAINE_c45,FR100130,c45,1,SNdef,Obl,SNdef,,,,,,,,,
FR100130_CHAINE_c44,FR100130,c44,1,SNdef,autre,SNdef,,,,,,,,,
FR100130_CHAINE_c42,FR100130,c42,1,SNind,OD,SNind,,,,,,,,,
FR100130_CHAINE_c47,FR100130,c47,1,SN∅,autre,SN∅,,,,,,,,,
FR100130_CHAINE_c46,FR100130,c46,1,SNdef,Suj,SNdef,,,,,,,,,
FR100130_CHAINE_c48,FR100130,c48,1,SNnum,Obl,SNnum,,,,,,,,,
FR100130_CHAINE_c50,FR100130,c50,1,SNnum,Obl,SNnum,,,,,,,,,
FR100130_CHAINE_c49,FR100130,c49,1,SNind,Obl,SNind,,,,,,,,,
FR100130_CHAINE_c51,FR100130,c51,1,Poss,autre,Poss,,,,,,,,,
FR100130_CHAINE_c52,FR100130,c52,1,SNind,OD,SNind,,,,,,,,,
FR100130_CHAINE_c54,FR100130,c54,1,Np,Obl,Np,,,,,,,,,
FR100130_CHAINE_c55,FR100130,c55,1,SNdef,Obl,SNdef,,,,,,,,,
FR100130_CHAINE_c53,FR100130,c53,2,Np,autre,Np,Pro,,,,,,,,
FR100130_CHAINE_c56,FR100130,c56,1,SNdef,autre,SNdef,,,,,,,,,
FR100130_CHAINE_c57,FR100130,c57,1,SNind,Suj,SNind,,,,,,,,,
FR100130_CHAINE_c58,FR100130,c58,1,SN∅,OD,SN∅,,,,,,,,,
FR100130_CHAINE_c59,FR100130,c59,1,SNdef,Suj,SNdef,,,,,,,,,
FR100130_CHAINE_c60,FR100130,c60,1,SNind,Suj,SNind,,,,,,,,,
FR100130_CHAINE_c61,FR100130,c61,1,SNdef,autre,SNdef,,,,,,,,,
FR100130_CHAINE_c62,FR100130,c62,1,SNdef,Suj,SNdef,,,,,,,,,
FR100130_CHAINE_c63,FR100130,c63,1,SNdef,Suj,SNdef,,,,,,,,,
FR100130_CHAINE_c64,FR100130,c64,2,SNdef,Suj,SNdef,Np,,,,,,,,
FR100130_CHAINE_c65,FR100130,c65,1,SNnum,Obl,SNnum,,,,,,,,,
FR100130_CHAINE_c66,FR100130,c66,1,SNdef,Obl,SNdef,,,,,,,,,
FR100130_CHAINE_c69,FR100130,c69,1,SNnum,OD,SNnum,,,,,,,,,
FR100130_CHAINE_c70,FR100130,c70,1,SNdef,Obl,SNdef,,,,,,,,,
FR100130_CHAINE_c68,FR100130,c68,1,SN∅,Obl,SN∅,,,,,,,,,
FR100130_CHAINE_c71,FR100130,c71,1,SNind,Obl,SNind,,,,,,,,,
FR100130_CHAINE_c67,FR100130,c67,2,SN∅,Obl,SN∅,SNdef,,,,,,,,
FR100130_CHAINE_c72,FR100130,c72,1,Autre,Obl,Autre,,,,,,,,,
FR100130_CHAINE_c74,FR100130,c74,2,SNdef,autre,SNdef,SNdef,,,,,,,,
FR100130_CHAINE_c73,FR100130,c73,2,SNind,OD,SNind,SNdef,,,,,,,,
FR100130_CHAINE_c75,FR100130,c75,1,SNind,autre,SNind,,,,,,,,,
FR100130_CHAINE_c77,FR100130,c77,1,SNdef,autre,SNdef,,,,,,,,,
FR100130_CHAINE_c76,FR100130,c76,1,SNind,autre,SNind,,,,,,,,,
FR100130_CHAINE_c79,FR100130,c79,1,SNdef,autre,SNdef,,,,,,,,,
FR100130_CHAINE_c80,FR100130,c80,2,SNind,Obl,SNind,SNdef,,,,,,,,
FR100130_CHAINE_c78,FR100130,c78,2,SNind,autre,SNind,SNdef,,,,,,,,
FR100130_CHAINE_c81,FR100130,c81,1,SNdef,Suj,SNdef,,,,,,,,,
FR100130_CHAINE_c82,FR100130,c82,1,SNind,OD,SNind,,,,,,,,,
FR100130_CHAINE_c83,FR100130,c83,1,SNdef,autre,SNdef,,,,,,,,,
FR100130_CHAINE_c84,FR100130,c84,1,SNind,Suj,SNind,,,,,,,,,
FR100130_CHAINE_c85,FR100130,c85,1,SN∅,autre,SN∅,,,,,,,,,
FR100130_CHAINE_c87,FR100130,c87,1,SNdef,autre,SNdef,,,,,,,,,
FR100130_CHAINE_c89,FR100130,c89,1,SNdef,autre,SNdef,,,,,,,,,
FR100130_CHAINE_c88,FR100130,c88,1,SNdef,Obl,SNdef,,,,,,,,,
FR100130_CHAINE_c86,FR100130,c86,1,SNind,Obl,SNind,,,,,,,,,
FR100130_CHAINE_c90,FR100130,c90,1,SN∅,Obl,SN∅,,,,,,,,,
FR100130_CHAINE_c92,FR100130,c92,1,SNnum,autre,SNnum,,,,,,,,,
FR100130_CHAINE_c93,FR100130,c93,1,SNnum,Obl,SNnum,,,,,,,,,
FR100130_CHAINE_c91,FR100130,c91,1,SNdef,Suj,SNdef,,,,,,,,,
FR100130_CHAINE_c95,FR100130,c95,1,SNnum,autre,SNnum,,,,,,,,,
FR100130_CHAINE_c94,FR100130,c94,1,SNind,Obl,SNind,,,,,,,,,
FR100130_CHAINE_c96,FR100130,c96,1,SNnum,OD,SNnum,,,,,,,,,
FR100130_CHAINE_c99,FR100130,c99,1,SNdef,autre,SNdef,,,,,,,,,
FR100130_CHAINE_c98,FR100130,c98,1,SNdef,autre,SNdef,,,,,,,,,
FR100130_CHAINE_c100,FR100130,c100,1,SNind,autre,SNind,,,,,,,,,
FR100130_CHAINE_c102,FR100130,c102,1,SNdef,autre,SNdef,,,,,,,,,
FR100130_CHAINE_c101,FR100130,c101,1,SNind,autre,SNind,,,,,,,,,
FR100130_CHAINE_c97,FR100130,c97,1,SNind,Obl,SNind,,,,,,,,,
FR100130_CHAINE_c103,FR100130,c103,1,SNind,Suj,SNind,,,,,,,,,
FR100130_CHAINE_c105,FR100130,c105,2,SNnum,Obl,SNnum,SNnum,,,,,,,,
FR100130_CHAINE_c104,FR100130,c104,1,SNdef,Obl,SNdef,,,,,,,,,
FR100130_CHAINE_c106,FR100130,c106,1,SNdef,Suj,SNdef,,,,,,,,,
FR100132_CHAINE_c2,FR100132,c2,1,SNnum,autre,SNnum,,,,,,,,,
FR100132_CHAINE_c1,FR100132,c1,10,Poss,autre,Poss,Sujet_zero,SNdef,Pro,Poss,SNdef,SNdef,SNdef,Poss,Pro
FR100132_CHAINE_c3,FR100132,c3,1,Poss,Obl,Poss,,,,,,,,,
FR100132_CHAINE_c6,FR100132,c6,1,SNdef,autre,SNdef,,,,,,,,,
FR100132_CHAINE_c5,FR100132,c5,1,SNdef,Obl,SNdef,,,,,,,,,
FR100132_CHAINE_c7,FR100132,c7,1,SNdef,autre,SNdef,,,,,,,,,
FR100132_CHAINE_c4,FR100132,c4,4,SNdef,Obl,SNdef,SNdef,SNdef,SNdef,,,,,,
FR100132_CHAINE_c8,FR100132,c8,2,SNind,Suj,SNind,Pro,,,,,,,,
FR100132_CHAINE_c11,FR100132,c11,2,SNdef,autre,SNdef,SNdef,,,,,,,,
FR100132_CHAINE_c10,FR100132,c10,2,SNind,autre,SNind,SNind,,,,,,,,
FR100132_CHAINE_c9,FR100132,c9,1,SNind,autre,SNind,,,,,,,,,
FR100132_CHAINE_c12,FR100132,c12,1,Poss,Obl,Poss,,,,,,,,,
FR100132_CHAINE_c13,FR100132,c13,1,SN∅,autre,SN∅,,,,,,,,,
FR100132_CHAINE_c14,FR100132,c14,1,SNind,Obl,SNind,,,,,,,,,
FR100132_CHAINE_c15,FR100132,c15,1,SNdef,Suj,SNdef,,,,,,,,,
FR100132_CHAINE_c16,FR100132,c16,1,SNdef,Obl,SNdef,,,,,,,,,
FR100132_CHAINE_c17,FR100132,c17,1,SN∅,Obl,SN∅,,,,,,,,,
FR100132_CHAINE_c18,FR100132,c18,1,SN∅,OD,SN∅,,,,,,,,,
FR100132_CHAINE_c19,FR100132,c19,1,SNdef,Obl,SNdef,,,,,,,,,
FR100132_CHAINE_c20,FR100132,c20,1,SN∅,OD,SN∅,,,,,,,,,
FR100132_CHAINE_c21,FR100132,c21,1,SN∅,autre,SN∅,,,,,,,,,
FR100132_CHAINE_c22,FR100132,c22,1,SN∅,autre,SN∅,,,,,,,,,
FR100132_CHAINE_c23,FR100132,c23,1,SNind,OD,SNind,,,,,,,,,
FR100132_CHAINE_c25,FR100132,c25,1,SN∅,autre,SN∅,,,,,,,,,
FR100132_CHAINE_c24,FR100132,c24,1,SNdef,Obl,SNdef,,,,,,,,,
FR100132_CHAINE_c26,FR100132,c26,2,SNdef,Obl,SNdef,SNdef,,,,,,,,
FR100132_CHAINE_c27,FR100132,c27,1,SNdef,Obl,SNdef,,,,,,,,,
FR100132_CHAINE_c29,FR100132,c29,1,SNdef,autre,SNdef,,,,,,,,,
FR100132_CHAINE_c28,FR100132,c28,1,SNdef,Obl,SNdef,,,,,,,,,
FR100132_CHAINE_c30,FR100132,c30,3,SNdef,Suj,SNdef,SNdef,Poss,,,,,,,
FR100132_CHAINE_c33,FR100132,c33,1,SN∅,Obl,SN∅,,,,,,,,,
FR100132_CHAINE_c34,FR100132,c34,1,SN∅,autre,SN∅,,,,,,,,,
FR100132_CHAINE_c32,FR100132,c32,1,SN∅,autre,SN∅,,,,,,,,,
FR100132_CHAINE_c35,FR100132,c35,1,SN∅,autre,SN∅,,,,,,,,,
FR100132_CHAINE_c31,FR100132,c31,1,SNind,OD,SNind,,,,,,,,,
FR100132_CHAINE_c36,FR100132,c36,1,SNdef,Obl,SNdef,,,,,,,,,
FR100132_CHAINE_c37,FR100132,c37,1,Poss,OD,Poss,,,,,,,,,
FR100132_CHAINE_c38,FR100132,c38,1,SNind,Suj,SNind,,,,,,,,,
FR100132_CHAINE_c40,FR100132,c40,1,SNind,autre,SNind,,,,,,,,,
FR100132_CHAINE_c39,FR100132,c39,1,SNdef,Suj,SNdef,,,,,,,,,
FR100132_CHAINE_c42,FR100132,c42,1,SN∅,autre,SN∅,,,,,,,,,
FR100132_CHAINE_c41,FR100132,c41,1,SNdef,Obl,SNdef,,,,,,,,,
FR100132_CHAINE_c43,FR100132,c43,1,SNdef,Obl,SNdef,,,,,,,,,
FR100132_CHAINE_c44,FR100132,c44,1,SNdef,Suj,SNdef,,,,,,,,,
FR100132_CHAINE_c45,FR100132,c45,3,SN∅,Obl,SN∅,SN∅,Pro,,,,,,,
FR100132_CHAINE_c47,FR100132,c47,1,SNind,autre,SNind,,,,,,,,,
FR100132_CHAINE_c48,FR100132,c48,1,SNind,autre,SNind,,,,,,,,,
FR100132_CHAINE_c49,FR100132,c49,2,SNdef,autre,SNdef,SNdef,,,,,,,,
FR100132_CHAINE_c51,FR100132,c51,1,SN∅,autre,SN∅,,,,,,,,,
FR100132_CHAINE_c50,FR100132,c50,1,SNdef,autre,SNdef,,,,,,,,,
FR100132_CHAINE_c52,FR100132,c52,1,SNdef,autre,SNdef,,,,,,,,,
FR100132_CHAINE_c46,FR100132,c46,1,SNind,OD,SNind,,,,,,,,,
FR100132_CHAINE_c54,FR100132,c54,1,SNdef,Suj,SNdef,,,,,,,,,
FR100132_CHAINE_c55,FR100132,c55,1,SNdef,autre,SNdef,,,,,,,,,
FR100132_CHAINE_c53,FR100132,c53,1,SNdef,Suj,SNdef,,,,,,,,,
FR100132_CHAINE_c56,FR100132,c56,1,SN∅,OD,SN∅,,,,,,,,,
FR100132_CHAINE_c58,FR100132,c58,1,Poss,autre,Poss,,,,,,,,,
FR100132_CHAINE_c57,FR100132,c57,1,SNdef,Obl,SNdef,,,,,,,,,
FR100132_CHAINE_c60,FR100132,c60,1,SNind,autre,SNind,,,,,,,,,
FR100132_CHAINE_c61,FR100132,c61,1,SNind,autre,SNind,,,,,,,,,
FR100132_CHAINE_c59,FR100132,c59,1,SNind,autre,SNind,,,,,,,,,
FR100132_CHAINE_c63,FR100132,c63,1,SNdef,autre,SNdef,,,,,,,,,
FR100132_CHAINE_c62,FR100132,c62,1,SN∅,Obl,SN∅,,,,,,,,,
FR100142_CHAINE_c2,FR100142,c2,1,SNnum,Obl,SNnum,,,,,,,,,
FR100142_CHAINE_c3,FR100142,c3,1,SN∅,Obl,SN∅,,,,,,,,,
FR100142_CHAINE_c4,FR100142,c4,1,SN∅,Obl,SN∅,,,,,,,,,
FR100142_CHAINE_c6,FR100142,c6,1,SNnum,autre,SNnum,,,,,,,,,
FR100142_CHAINE_c5,FR100142,c5,4,SNnum,OD,SNnum,SNdem,SNdef,SNdef,,,,,,
FR100142_CHAINE_c9,FR100142,c9,3,SNdef,autre,SNdef,SNdef,SNdef,,,,,,,
FR100142_CHAINE_c8,FR100142,c8,1,SNdef,autre,SNdef,,,,,,,,,
FR100142_CHAINE_c7,FR100142,c7,1,SNdef,Obl,SNdef,,,,,,,,,
FR100142_CHAINE_c10,FR100142,c10,1,SNind,Obl,SNind,,,,,,,,,
FR100142_CHAINE_c1,FR100142,c1,4,Sujet_zero,autre,Sujet_zero,SNdef,Pro,SNdef,,,,,,
FR100142_CHAINE_c11,FR100142,c11,1,SNdef,Suj,SNdef,,,,,,,,,
FR100142_CHAINE_c13,FR100142,c13,1,SNdef,autre,SNdef,,,,,,,,,
FR100142_CHAINE_c12,FR100142,c12,1,SNdef,Obl,SNdef,,,,,,,,,
FR100142_CHAINE_c15,FR100142,c15,1,SN∅,autre,SN∅,,,,,,,,,
FR100142_CHAINE_c16,FR100142,c16,1,SNdef,Obl,SNdef,,,,,,,,,
FR100142_CHAINE_c17,FR100142,c17,1,SNind,autre,SNind,,,,,,,,,
FR100142_CHAINE_c14,FR100142,c14,1,SNind,OD,SNind,,,,,,,,,
FR100142_CHAINE_c18,FR100142,c18,1,SNdef,Suj,SNdef,,,,,,,,,
FR100142_CHAINE_c19,FR100142,c19,1,SNdef,OD,SNdef,,,,,,,,,
FR100142_CHAINE_c21,FR100142,c21,1,SNdef,autre,SNdef,,,,,,,,,
FR100142_CHAINE_c22,FR100142,c22,1,SNdef,autre,SNdef,,,,,,,,,
FR100142_CHAINE_c20,FR100142,c20,1,SNind,OD,SNind,,,,,,,,,
FR100142_CHAINE_c23,FR100142,c23,1,SNind,Obl,SNind,,,,,,,,,
FR100142_CHAINE_c24,FR100142,c24,1,Np,autre,Np,,,,,,,,,
FR100142_CHAINE_c25,FR100142,c25,1,SNdef,Suj,SNdef,,,,,,,,,
FR100142_CHAINE_c26,FR100142,c26,1,SNdef,Suj,SNdef,,,,,,,,,
FR100142_CHAINE_c27,FR100142,c27,1,SNnum,Obl,SNnum,,,,,,,,,
FR100142_CHAINE_c29,FR100142,c29,1,SN∅,autre,SN∅,,,,,,,,,
FR100142_CHAINE_c31,FR100142,c31,1,SNdef,autre,SNdef,,,,,,,,,
FR100142_CHAINE_c30,FR100142,c30,1,SNdef,autre,SNdef,,,,,,,,,
FR100142_CHAINE_c32,FR100142,c32,1,SNdef,autre,SNdef,,,,,,,,,
FR100142_CHAINE_c34,FR100142,c34,1,SNdef,autre,SNdef,,,,,,,,,
FR100142_CHAINE_c33,FR100142,c33,1,SNdef,autre,SNdef,,,,,,,,,
FR100142_CHAINE_c28,FR100142,c28,1,SNdef,Obl,SNdef,,,,,,,,,
FR100142_CHAINE_c35,FR100142,c35,1,SNind,autre,SNind,,,,,,,,,
FR100142_CHAINE_c37,FR100142,c37,1,SNdef,autre,SNdef,,,,,,,,,
FR100142_CHAINE_c36,FR100142,c36,1,SNdef,autre,SNdef,,,,,,,,,
FR100142_CHAINE_c39,FR100142,c39,2,SNdef,autre,SNdef,SNdef,,,,,,,,
FR100142_CHAINE_c38,FR100142,c38,2,SNind,Obl,SNind,SNdef,,,,,,,,
FR100142_CHAINE_c40,FR100142,c40,1,SNdef,autre,SNdef,,,,,,,,,
FR100142_CHAINE_c43,FR100142,c43,1,SNdef,autre,SNdef,,,,,,,,,
FR100142_CHAINE_c42,FR100142,c42,1,SNdef,autre,SNdef,,,,,,,,,
FR100142_CHAINE_c41,FR100142,c41,1,SNdef,autre,SNdef,,,,,,,,,
FR100142_CHAINE_c46,FR100142,c46,1,SNdef,autre,SNdef,,,,,,,,,
FR100142_CHAINE_c45,FR100142,c45,1,SNind,OD,SNind,,,,,,,,,
FR100142_CHAINE_c47,FR100142,c47,1,SNind,autre,SNind,,,,,,,,,
FR100142_CHAINE_c48,FR100142,c48,1,SNdef,autre,SNdef,,,,,,,,,
FR100142_CHAINE_c44,FR100142,c44,1,SNind,OD,SNind,,,,,,,,,
FR100142_CHAINE_c49,FR100142,c49,1,SNdef,Suj,SNdef,,,,,,,,,
FR100142_CHAINE_c50,FR100142,c50,2,SNdef,Obl,SNdef,SNdef,,,,,,,,
FR100142_CHAINE_c51,FR100142,c51,1,SNdef,autre,SNdef,,,,,,,,,
FR100142_CHAINE_c53,FR100142,c53,1,SNnum,autre,SNnum,,,,,,,,,
FR100142_CHAINE_c52,FR100142,c52,1,SNind,OD,SNind,,,,,,,,,
FR100142_CHAINE_c54,FR100142,c54,1,SNdef,autre,SNdef,,,,,,,,,
FR100142_CHAINE_c55,FR100142,c55,1,Autre,autre,Autre,,,,,,,,,
FR100142_CHAINE_c57,FR100142,c57,1,SNnum,autre,SNnum,,,,,,,,,
FR100142_CHAINE_c56,FR100142,c56,1,SNind,autre,SNind,,,,,,,,,
FR100142_CHAINE_c58,FR100142,c58,1,SNdef,Suj,SNdef,,,,,,,,,
FR100142_CHAINE_c59,FR100142,c59,1,SN∅,autre,SN∅,,,,,,,,,
FR100142_CHAINE_c60,FR100142,c60,1,Autre,autre,Autre,,,,,,,,,
FR100142_CHAINE_c61,FR100142,c61,1,SNdef,Obl,SNdef,,,,,,,,,
FR100142_CHAINE_c62,FR100142,c62,1,SNdef,Suj,SNdef,,,,,,,,,
FR100142_CHAINE_c63,FR100142,c63,2,SNdef,Suj,SNdef,SNdef,,,,,,,,
FR100142_CHAINE_c65,FR100142,c65,1,SNdef,autre,SNdef,,,,,,,,,
FR100142_CHAINE_c64,FR100142,c64,1,Pro,Obl,Pro,,,,,,,,,
FR100142_CHAINE_c67,FR100142,c67,1,SNdef,autre,SNdef,,,,,,,,,
FR100142_CHAINE_c66,FR100142,c66,1,SNdef,Obl,SNdef,,,,,,,,,
FR100142_CHAINE_c68,FR100142,c68,1,Pro,Suj,Pro,,,,,,,,,
FR100142_CHAINE_c69,FR100142,c69,1,SNind,OD,SNind,,,,,,,,,
FR100142_CHAINE_c70,FR100142,c70,1,SNind,autre,SNind,,,,,,,,,
FR100142_CHAINE_c71,FR100142,c71,1,Autre,autre,Autre,,,,,,,,,
FR100142_CHAINE_c72,FR100142,c72,1,SNdef,Suj,SNdef,,,,,,,,,
FR100142_CHAINE_c73,FR100142,c73,1,Autre,autre,Autre,,,,,,,,,
FR100142_CHAINE_c74,FR100142,c74,1,Autre,autre,Autre,,,,,,,,,
FR100142_CHAINE_c75,FR100142,c75,1,Autre,autre,Autre,,,,,,,,,
FR100142_CHAINE_c77,FR100142,c77,3,Np,autre,Np,Np,SNdef,,,,,,,
FR100142_CHAINE_c76,FR100142,c76,3,SNdef,Suj,SNdef,SNdef,SNdef,,,,,,,
FR100142_CHAINE_c78,FR100142,c78,1,SNnum,autre,SNnum,,,,,,,,,
FR100142_CHAINE_c79,FR100142,c79,1,SN∅,autre,SN∅,,,,,,,,,
FR100142_CHAINE_c80,FR100142,c80,1,SNnum,OD,SNnum,,,,,,,,,
FR100142_CHAINE_c82,FR100142,c82,1,SNdef,autre,SNdef,,,,,,,,,
FR100142_CHAINE_c81,FR100142,c81,1,SNdef,Suj,SNdef,,,,,,,,,
FR100142_CHAINE_c84,FR100142,c84,1,SNdef,autre,SNdef,,,,,,,,,
FR100142_CHAINE_c83,FR100142,c83,1,SNdef,autre,SNdef,,,,,,,,,
FR100142_CHAINE_c86,FR100142,c86,1,SNdef,autre,SNdef,,,,,,,,,
FR100142_CHAINE_c87,FR100142,c87,1,SNdef,autre,SNdef,,,,,,,,,
FR100142_CHAINE_c85,FR100142,c85,1,SNdef,autre,SNdef,,,,,,,,,
FR100142_CHAINE_c88,FR100142,c88,1,SNdef,Suj,SNdef,,,,,,,,,
FR100142_CHAINE_c89,FR100142,c89,1,SNdef,Obl,SNdef,,,,,,,,,
FR100142_CHAINE_c90,FR100142,c90,1,SNind,autre,SNind,,,,,,,,,
FR100142_CHAINE_c93,FR100142,c93,1,SNdef,autre,SNdef,,,,,,,,,
FR100142_CHAINE_c92,FR100142,c92,1,SN∅,autre,SN∅,,,,,,,,,
FR100142_CHAINE_c91,FR100142,c91,1,SNdef,autre,SNdef,,,,,,,,,
FR100142_CHAINE_c95,FR100142,c95,1,SNdef,Suj,SNdef,,,,,,,,,
FR100142_CHAINE_c96,FR100142,c96,1,SNdef,autre,SNdef,,,,,,,,,
FR100142_CHAINE_c94,FR100142,c94,1,SNdef,Suj,SNdef,,,,,,,,,
FR100142_CHAINE_c97,FR100142,c97,1,SN∅,autre,SN∅,,,,,,,,,
FR100142_CHAINE_c98,FR100142,c98,1,SNdef,Suj,SNdef,,,,,,,,,
FR100142_CHAINE_c99,FR100142,c99,1,SNind,Obl,SNind,,,,,,,,,
FR100142_CHAINE_c100,FR100142,c100,1,SN∅,Obl,SN∅,,,,,,,,,
FR100142_CHAINE_c101,FR100142,c101,1,SNnum,Obl,SNnum,,,,,,,,,
FR100142_CHAINE_c102,FR100142,c102,2,Np,autre,Np,Np,,,,,,,,
FR100142_CHAINE_c103,FR100142,c103,1,SNnum,autre,SNnum,,,,,,,,,
FR100142_CHAINE_c104,FR100142,c104,2,Np,autre,Np,Np,,,,,,,,
FR100142_CHAINE_c105,FR100142,c105,1,SNnum,autre,SNnum,,,,,,,,,
FR100142_CHAINE_c106,FR100142,c106,1,Np,autre,Np,,,,,,,,,
FR100142_CHAINE_c107,FR100142,c107,1,SNnum,autre,SNnum,,,,,,,,,
FR100142_CHAINE_c108,FR100142,c108,1,Np,autre,Np,,,,,,,,,
FR100142_CHAINE_c109,FR100142,c109,1,SNnum,autre,SNnum,,,,,,,,,
FR100142_CHAINE_c110,FR100142,c110,1,SNind,Obl,SNind,,,,,,,,,
FR100142_CHAINE_c111,FR100142,c111,1,Np,autre,Np,,,,,,,,,
FR100142_CHAINE_c112,FR100142,c112,1,SNnum,Obl,SNnum,,,,,,,,,
FR100142_CHAINE_c113,FR100142,c113,1,SNdef,Suj,SNdef,,,,,,,,,
FR100142_CHAINE_c114,FR100142,c114,1,SNdef,Obl,SNdef,,,,,,,,,
FR100142_CHAINE_c115,FR100142,c115,1,Pro,Suj,Pro,,,,,,,,,
FR100142_CHAINE_c116,FR100142,c116,1,SNind,OD,SNind,,,,,,,,,
FR100142_CHAINE_c118,FR100142,c118,1,SNdef,autre,SNdef,,,,,,,,,
FR100142_CHAINE_c117,FR100142,c117,1,SNind,autre,SNind,,,,,,,,,
FR100142_CHAINE_c120,FR100142,c120,1,SNdef,autre,SNdef,,,,,,,,,
FR100142_CHAINE_c119,FR100142,c119,1,SNind,autre,SNind,,,,,,,,,
FR100142_CHAINE_c122,FR100142,c122,1,SNdef,autre,SNdef,,,,,,,,,
FR100142_CHAINE_c121,FR100142,c121,1,SNdef,Suj,SNdef,,,,,,,,,
FR100142_CHAINE_c123,FR100142,c123,1,SN∅,autre,SN∅,,,,,,,,,
FR100142_CHAINE_c124,FR100142,c124,1,SNdef,autre,SNdef,,,,,,,,,
FR100142_CHAINE_c125,FR100142,c125,1,SN∅,autre,SN∅,,,,,,,,,
FR100142_CHAINE_c126,FR100142,c126,1,SNnum,autre,SNnum,,,,,,,,,
FR100142_CHAINE_c127,FR100142,c127,1,Autre,Obl,Autre,,,,,,,,,
FR100142_CHAINE_c128,FR100142,c128,1,Autre,autre,Autre,,,,,,,,,
FR100142_CHAINE_c130,FR100142,c130,1,Autre,Obl,Autre,,,,,,,,,
FR100142_CHAINE_c131,FR100142,c131,1,Autre,autre,Autre,,,,,,,,,
FR100142_CHAINE_c132,FR100142,c132,1,SN∅,autre,SN∅,,,,,,,,,
FR100142_CHAINE_c129,FR100142,c129,1,Autre,Obl,Autre,,,,,,,,,
FR100161_CHAINE_c2,FR100161,c2,1,SNnum,Obl,SNnum,,,,,,,,,
FR100161_CHAINE_c1,FR100161,c1,3,SNind,Suj,SNind,Poss,SNdef,,,,,,,
FR100161_CHAINE_c3,FR100161,c3,1,SN∅,Obl,SN∅,,,,,,,,,
FR100161_CHAINE_c4,FR100161,c4,1,SN∅,Obl,SN∅,,,,,,,,,
FR100161_CHAINE_c5,FR100161,c5,1,Poss,Obl,Poss,,,,,,,,,
FR100161_CHAINE_c6,FR100161,c6,1,Pro,Suj,Pro,,,,,,,,,
FR100161_CHAINE_c7,FR100161,c7,1,SNind,OD,SNind,,,,,,,,,
FR100161_CHAINE_c9,FR100161,c9,2,SN∅,autre,SN∅,SN∅,,,,,,,,
FR100161_CHAINE_c10,FR100161,c10,1,SNdef,autre,SNdef,,,,,,,,,
FR100161_CHAINE_c8,FR100161,c8,2,SN∅,autre,SN∅,SNdef,,,,,,,,
FR100161_CHAINE_c11,FR100161,c11,1,SNdef,Suj,SNdef,,,,,,,,,
FR100161_CHAINE_c12,FR100161,c12,1,SNind,OD,SNind,,,,,,,,,
FR100161_CHAINE_c13,FR100161,c13,1,SNdef,Suj,SNdef,,,,,,,,,
FR100161_CHAINE_c14,FR100161,c14,1,SNind,OD,SNind,,,,,,,,,
FR100161_CHAINE_c15,FR100161,c15,1,SN∅,Obl,SN∅,,,,,,,,,
FR100161_CHAINE_c17,FR100161,c17,1,SNind,autre,SNind,,,,,,,,,
FR100161_CHAINE_c16,FR100161,c16,1,SN∅,OD,SN∅,,,,,,,,,
FR100161_CHAINE_c19,FR100161,c19,1,SN∅,autre,SN∅,,,,,,,,,
FR100161_CHAINE_c18,FR100161,c18,1,SN∅,autre,SN∅,,,,,,,,,
FR100161_CHAINE_c20,FR100161,c20,1,SNdef,Suj,SNdef,,,,,,,,,
FR100161_CHAINE_c22,FR100161,c22,1,SNnum,autre,SNnum,,,,,,,,,
FR100161_CHAINE_c21,FR100161,c21,1,SNind,OD,SNind,,,,,,,,,
FR100161_CHAINE_c23,FR100161,c23,2,SNind,autre,SNind,SNdef,,,,,,,,
FR100161_CHAINE_c24,FR100161,c24,1,Np,autre,Np,,,,,,,,,
FR100161_CHAINE_c25,FR100161,c25,1,SNnum,autre,SNnum,,,,,,,,,
FR100161_CHAINE_c26,FR100161,c26,1,Np,autre,Np,,,,,,,,,
FR100161_CHAINE_c27,FR100161,c27,1,Np,autre,Np,,,,,,,,,
FR100161_CHAINE_c28,FR100161,c28,1,SNnum,autre,SNnum,,,,,,,,,
FR100161_CHAINE_c29,FR100161,c29,1,Autre,autre,Autre,,,,,,,,,
FR100161_CHAINE_c31,FR100161,c31,3,SNdef,autre,SNdef,SN∅,SNdef,,,,,,,
FR100161_CHAINE_c30,FR100161,c30,1,SNdef,Suj,SNdef,,,,,,,,,
FR100161_CHAINE_c32,FR100161,c32,1,SNind,Obl,SNind,,,,,,,,,
FR100161_CHAINE_c33,FR100161,c33,1,SNnum,autre,SNnum,,,,,,,,,
FR100161_CHAINE_c34,FR100161,c34,1,Autre,autre,Autre,,,,,,,,,
FR100161_CHAINE_c35,FR100161,c35,1,SNind,autre,SNind,,,,,,,,,
FR100161_CHAINE_c36,FR100161,c36,1,SN∅,autre,SN∅,,,,,,,,,
FR100161_CHAINE_c37,FR100161,c37,1,Np,autre,Np,,,,,,,,,
FR100161_CHAINE_c38,FR100161,c38,1,SNdef,Obl,SNdef,,,,,,,,,
FR100161_CHAINE_c39,FR100161,c39,1,SNdef,Suj,SNdef,,,,,,,,,
FR100161_CHAINE_c40,FR100161,c40,1,SN∅,autre,SN∅,,,,,,,,,
FR100161_CHAINE_c41,FR100161,c41,1,SNdef,Suj,SNdef,,,,,,,,,
FR100161_CHAINE_c43,FR100161,c43,1,SNdef,autre,SNdef,,,,,,,,,
FR100161_CHAINE_c42,FR100161,c42,1,SNdef,Obl,SNdef,,,,,,,,,
FR100161_CHAINE_c46,FR100161,c46,1,SN∅,autre,SN∅,,,,,,,,,
FR100161_CHAINE_c45,FR100161,c45,5,SNind,autre,SNind,SNdef,Pro,SNdef,SNdef,,,,,
FR100161_CHAINE_c47,FR100161,c47,1,SNnum,autre,SNnum,,,,,,,,,
FR100161_CHAINE_c49,FR100161,c49,1,SNdef,autre,SNdef,,,,,,,,,
FR100161_CHAINE_c48,FR100161,c48,1,SNdef,autre,SNdef,,,,,,,,,
FR100161_CHAINE_c44,FR100161,c44,1,SNdef,OD,SNdef,,,,,,,,,
FR100161_CHAINE_c50,FR100161,c50,1,SNdef,Suj,SNdef,,,,,,,,,
FR100161_CHAINE_c51,FR100161,c51,1,SNdef,OD,SNdef,,,,,,,,,
FR100161_CHAINE_c53,FR100161,c53,1,SN∅,autre,SN∅,,,,,,,,,
FR100161_CHAINE_c52,FR100161,c52,1,SNnum,OD,SNnum,,,,,,,,,
FR100161_CHAINE_c55,FR100161,c55,1,SNdef,autre,SNdef,,,,,,,,,
FR100161_CHAINE_c54,FR100161,c54,1,SN∅,Obl,SN∅,,,,,,,,,
FR100161_CHAINE_c56,FR100161,c56,1,SNdef,OD,SNdef,,,,,,,,,
FR100161_CHAINE_c57,FR100161,c57,1,SNdef,Obl,SNdef,,,,,,,,,
FR100161_CHAINE_c58,FR100161,c58,1,SNdef,OD,SNdef,,,,,,,,,
FR100161_CHAINE_c60,FR100161,c60,1,SNdef,Obl,SNdef,,,,,,,,,
FR100161_CHAINE_c59,FR100161,c59,1,SNind,Obl,SNind,,,,,,,,,
FR100161_CHAINE_c61,FR100161,c61,1,SNdef,Suj,SNdef,,,,,,,,,
FR100161_CHAINE_c63,FR100161,c63,1,SNdef,Suj,SNdef,,,,,,,,,
FR100161_CHAINE_c64,FR100161,c64,1,Autre,autre,Autre,,,,,,,,,
FR100161_CHAINE_c66,FR100161,c66,2,SNdef,autre,SNdef,SNdef,,,,,,,,
FR100161_CHAINE_c65,FR100161,c65,1,SNdef,autre,SNdef,,,,,,,,,
FR100161_CHAINE_c67,FR100161,c67,1,SNdef,autre,SNdef,,,,,,,,,
FR100161_CHAINE_c62,FR100161,c62,1,SNdef,Suj,SNdef,,,,,,,,,
FR100161_CHAINE_c68,FR100161,c68,1,SNind,Obl,SNind,,,,,,,,,
FR100161_CHAINE_c69,FR100161,c69,1,SN∅,autre,SN∅,,,,,,,,,
FR100161_CHAINE_c70,FR100161,c70,1,SNdef,OD,SNdef,,,,,,,,,
FR100161_CHAINE_c71,FR100161,c71,1,SNdef,autre,SNdef,,,,,,,,,
FR100161_CHAINE_c73,FR100161,c73,1,SNind,autre,SNind,,,,,,,,,
FR100161_CHAINE_c72,FR100161,c72,1,SNind,OD,SNind,,,,,,,,,
FR100282_CHAINE_c1,FR100282,c1,10,SN∅,Suj,SN∅,SNdef,Pro,Poss,Pro,Poss,Poss,Poss,Pro,Poss
FR100282_CHAINE_c2,FR100282,c2,1,SNnum,Obl,SNnum,,,,,,,,,
FR100282_CHAINE_c3,FR100282,c3,6,SNdef,Obl,SNdef,Pro,Poss,SNdef,Pro,Sujet_zero,,,,
FR100282_CHAINE_c4,FR100282,c4,1,SNnum,Obl,SNnum,,,,,,,,,
FR100282_CHAINE_c6,FR100282,c6,1,SN∅,Obl,SN∅,,,,,,,,,
FR100282_CHAINE_c7,FR100282,c7,1,SN∅,autre,SN∅,,,,,,,,,
FR100282_CHAINE_c8,FR100282,c8,1,SN∅,autre,SN∅,,,,,,,,,
FR100282_CHAINE_c5,FR100282,c5,1,SN∅,Obl,SN∅,,,,,,,,,
FR100282_CHAINE_c9,FR100282,c9,1,SN∅,autre,SN∅,,,,,,,,,
FR100282_CHAINE_c10,FR100282,c10,1,SNnum,Obl,SNnum,,,,,,,,,
FR100282_CHAINE_c11,FR100282,c11,1,SNind,Suj,SNind,,,,,,,,,
FR100282_CHAINE_c12,FR100282,c12,1,SNind,Obl,SNind,,,,,,,,,
FR100282_CHAINE_c13,FR100282,c13,1,SNdef,Obl,SNdef,,,,,,,,,
FR100282_CHAINE_c15,FR100282,c15,2,SNdef,autre,SNdef,SN∅,,,,,,,,
FR100282_CHAINE_c14,FR100282,c14,2,SNind,Obl,SNind,SNdef,,,,,,,,
FR100282_CHAINE_c16,FR100282,c16,1,Pro,autre,Pro,,,,,,,,,
FR100282_CHAINE_c17,FR100282,c17,1,SN∅,autre,SN∅,,,,,,,,,
FR100282_CHAINE_c18,FR100282,c18,1,SNnum,Obl,SNnum,,,,,,,,,
FR100282_CHAINE_c19,FR100282,c19,1,SNind,OD,SNind,,,,,,,,,
FR100282_CHAINE_c20,FR100282,c20,2,SNind,Suj,SNind,SN∅,,,,,,,,
FR100282_CHAINE_c21,FR100282,c21,1,SN∅,autre,SN∅,,,,,,,,,
FR100282_CHAINE_c22,FR100282,c22,1,SN∅,autre,SN∅,,,,,,,,,
FR100282_CHAINE_c23,FR100282,c23,1,Autre,Obl,Autre,,,,,,,,,
FR100282_CHAINE_c24,FR100282,c24,1,SN∅,autre,SN∅,,,,,,,,,
FR100282_CHAINE_c25,FR100282,c25,1,Poss,Suj,Poss,,,,,,,,,
FR100282_CHAINE_c26,FR100282,c26,1,SNdef,OD,SNdef,,,,,,,,,
FR100282_CHAINE_c28,FR100282,c28,1,Autre,autre,Autre,,,,,,,,,
FR100282_CHAINE_c27,FR100282,c27,1,SN∅,Obl,SN∅,,,,,,,,,
FR100282_CHAINE_c29,FR100282,c29,1,Poss,Suj,Poss,,,,,,,,,
FR100282_CHAINE_c30,FR100282,c30,2,SNind,Suj,SNind,SNind,,,,,,,,
FR100282_CHAINE_c31,FR100282,c31,1,Poss,Obl,Poss,,,,,,,,,
FR100282_CHAINE_c32,FR100282,c32,1,Poss,Obl,Poss,,,,,,,,,
FR100282_CHAINE_c33,FR100282,c33,1,SNdef,OD,SNdef,,,,,,,,,
FR100282_CHAINE_c34,FR100282,c34,1,SNdef,Obl,SNdef,,,,,,,,,
FR100282_CHAINE_c35,FR100282,c35,1,SN∅,autre,SN∅,,,,,,,,,
FR100282_CHAINE_c36,FR100282,c36,3,Pro,Suj,Pro,Pro,Pro,,,,,,,
FR100282_CHAINE_c37,FR100282,c37,1,SNdef,Obl,SNdef,,,,,,,,,
FR100282_CHAINE_c38,FR100282,c38,1,SNdef,Obl,SNdef,,,,,,,,,
FR100282_CHAINE_c40,FR100282,c40,1,SNind,OD,SNind,,,,,,,,,
FR100282_CHAINE_c41,FR100282,c41,1,SN∅,autre,SN∅,,,,,,,,,
FR100282_CHAINE_c42,FR100282,c42,1,SNind,autre,SNind,,,,,,,,,
FR100282_CHAINE_c39,FR100282,c39,1,SNind,OD,SNind,,,,,,,,,
FR100282_CHAINE_c43,FR100282,c43,1,SN∅,autre,SN∅,,,,,,,,,
FR100282_CHAINE_c44,FR100282,c44,1,SNnum,OD,SNnum,,,,,,,,,
FR100282_CHAINE_c45,FR100282,c45,1,SNind,OD,SNind,,,,,,,,,
FR100282_CHAINE_c46,FR100282,c46,1,SN∅,autre,SN∅,,,,,,,,,
FR100282_CHAINE_c47,FR100282,c47,1,SNdef,Suj,SNdef,,,,,,,,,
FR100282_CHAINE_c48,FR100282,c48,1,SNdef,Suj,SNdef,,,,,,,,,
FR100282_CHAINE_c49,FR100282,c49,2,Poss,autre,Poss,SNind,,,,,,,,
FR100282_CHAINE_c50,FR100282,c50,1,Poss,Obl,Poss,,,,,,,,,
FR100282_CHAINE_c53,FR100282,c53,1,SN∅,autre,SN∅,,,,,,,,,
FR100282_CHAINE_c52,FR100282,c52,1,SN∅,autre,SN∅,,,,,,,,,
FR100282_CHAINE_c51,FR100282,c51,1,SNdef,autre,SNdef,,,,,,,,,
FR100282_CHAINE_c54,FR100282,c54,1,SNdef,Suj,SNdef,,,,,,,,,
FR100282_CHAINE_c56,FR100282,c56,1,SNdef,autre,SNdef,,,,,,,,,
FR100282_CHAINE_c55,FR100282,c55,1,SNdef,Obl,SNdef,,,,,,,,,
FR100282_CHAINE_c57,FR100282,c57,1,SNdef,Obl,SNdef,,,,,,,,,
FR100282_CHAINE_c58,FR100282,c58,1,SNind,Obl,SNind,,,,,,,,,
FR100282_CHAINE_c59,FR100282,c59,1,SNdef,OD,SNdef,,,,,,,,,
FR100282_CHAINE_c61,FR100282,c61,1,SNind,Obl,SNind,,,,,,,,,
FR100282_CHAINE_c60,FR100282,c60,1,SNind,Obl,SNind,,,,,,,,,
FR100282_CHAINE_c63,FR100282,c63,1,SNdef,autre,SNdef,,,,,,,,,
FR100282_CHAINE_c62,FR100282,c62,1,SNind,Obl,SNind,,,,,,,,,
FR100282_CHAINE_c64,FR100282,c64,1,SNind,OD,SNind,,,,,,,,,
FR100282_CHAINE_c65,FR100282,c65,1,Np,Obl,Np,,,,,,,,,
FR100282_CHAINE_c66,FR100282,c66,1,SNnum,autre,SNnum,,,,,,,,,
FR100282_CHAINE_c67,FR100282,c67,1,SN∅,autre,SN∅,,,,,,,,,
FR100282_CHAINE_c68,FR100282,c68,1,SNnum,autre,SNnum,,,,,,,,,
FR100282_CHAINE_c69,FR100282,c69,1,Np,autre,Np,,,,,,,,,
FR100282_CHAINE_c70,FR100282,c70,1,SNnum,autre,SNnum,,,,,,,,,
FR100282_CHAINE_c72,FR100282,c72,1,SNnum,autre,SNnum,,,,,,,,,
FR100282_CHAINE_c71,FR100282,c71,1,SNind,Obl,SNind,,,,,,,,,
FR100282_CHAINE_c73,FR100282,c73,1,SNind,Suj,SNind,,,,,,,,,
FR100282_CHAINE_c75,FR100282,c75,1,SNnum,autre,SNnum,,,,,,,,,
FR100282_CHAINE_c74,FR100282,c74,1,SNind,autre,SNind,,,,,,,,,
FR100282_CHAINE_c76,FR100282,c76,1,SNdem,Obl,SNdem,,,,,,,,,
FR100283_CHAINE_c1,FR100283,c1,2,SNind,autre,SNind,Pro,,,,,,,,
FR100283_CHAINE_c2,FR100283,c2,1,SNind,Obl,SNind,,,,,,,,,
FR100283_CHAINE_c3,FR100283,c3,1,SNdef,Obl,SNdef,,,,,,,,,
FR100283_CHAINE_c4,FR100283,c4,1,SNind,Obl,SNind,,,,,,,,,
FR100283_CHAINE_c5,FR100283,c5,1,SNdef,autre,SNdef,,,,,,,,,
FR100283_CHAINE_c6,FR100283,c6,1,SNind,Obl,SNind,,,,,,,,,
FR100283_CHAINE_c7,FR100283,c7,1,SN∅,autre,SN∅,,,,,,,,,
FR100283_CHAINE_c8,FR100283,c8,1,SNdef,Suj,SNdef,,,,,,,,,
FR100283_CHAINE_c9,FR100283,c9,1,SNind,OD,SNind,,,,,,,,,
FR100283_CHAINE_c10,FR100283,c10,1,SNdef,Suj,SNdef,,,,,,,,,
FR100283_CHAINE_c11,FR100283,c11,1,SNind,Obl,SNind,,,,,,,,,
FR100283_CHAINE_c12,FR100283,c12,1,SN∅,autre,SN∅,,,,,,,,,
FR100283_CHAINE_c13,FR100283,c13,1,SNdef,Suj,SNdef,,,,,,,,,
FR100283_CHAINE_c14,FR100283,c14,1,SNind,OD,SNind,,,,,,,,,
FR100283_CHAINE_c15,FR100283,c15,1,SNind,Obl,SNind,,,,,,,,,
FR100283_CHAINE_c16,FR100283,c16,1,SNdef,Suj,SNdef,,,,,,,,,
FR100283_CHAINE_c17,FR100283,c17,1,SNind,autre,SNind,,,,,,,,,
FR100283_CHAINE_c18,FR100283,c18,1,SNdef,Suj,SNdef,,,,,,,,,
FR100283_CHAINE_c20,FR100283,c20,1,SN∅,autre,SN∅,,,,,,,,,
FR100283_CHAINE_c19,FR100283,c19,1,SNind,OD,SNind,,,,,,,,,
FR100283_CHAINE_c21,FR100283,c21,1,SN∅,autre,SN∅,,,,,,,,,
FR100283_CHAINE_c22,FR100283,c22,1,SNnum,Obl,SNnum,,,,,,,,,
FR100283_CHAINE_c23,FR100283,c23,1,SNind,Obl,SNind,,,,,,,,,
FR100283_CHAINE_c24,FR100283,c24,1,SNdef,Suj,SNdef,,,,,,,,,
FR100283_CHAINE_c25,FR100283,c25,1,SNind,Obl,SNind,,,,,,,,,
