"Document","ID_chaine","Cluster","Enchaînement_nature","Annotation_corpus","Mots_contexte"
"FR100003","c3","Classe 1","(SNind,1)-(Pro,1)-(SNind,1)","ACTOR (PATIENT) -> Non annoté -> ACTOR (PATIENT)","un homme de 55 ans enseignant de fonction, qui, un patient"
"FR100003","c34","Classe 2","(SN∅,1)-(SNind,1)-(SNdef,1)","EVENT/CLINENTITY -> EVENT/CLINENTITY -> EVENT/CLINENTITY","cellulite, cellulite, cellulite"
"FR100003","c37","Classe 3","(SNdef,2)","BODYPART -> BODYPART","médiastin, médiastin"
"FR100003","c33","Classe 1","(SNind,1)-(SNdef,2)","EVENT/CLINENTITY -> Non annoté -> EVENT/CLINENTITY","phlegmon, la collection, phlegmon"
"FR100003","c42","Classe 2","(SNdef,1)-(SN∅,1)","BODYPART -> BODYPART","la 45 (3éme molaire), la 45 (3éme molaire)"
"FR100003","c56","Classe 1","(SNind,1)-(SNdef,1)","EVENT -> EVENT","antibiothérapie, antibiothérapie"
"FR100003","c58","Classe 3","(SNdef,2)","EVENT -> EVENT","bloc, bloc"
"FR100078","c1","Classe 3","(SN∅,1)-(SNdef,1)-(Pro,1)-(SNdef,1)","ACTOR (PATIENT) -> ACTOR (PATIENT) -> ACTOR (PATIENT) -> ACTOR (PATIENT)","M.J Patient Tunisien âgé de 42 ans, Le patient, Il, Le patient"
"FR100078","c2","Classe 3","(SNdef,2)","Non annoté -> CLINENTITY","la MB, maladie"
"FR100078","c13","Classe 2","(SN∅,1)-(SNdef,1)","EVENT -> EVENT","colchicine, colchicine"
"FR100078","c19","Classe 3","(SNdef,2)","BODYPART -> BODYPART","des deux jambes, des deux jambes"
"FR100078","c18","Classe 3","(SNdef,4)-(SN∅,1)-(SNdef,1)","EVENT -> CLINENTITY -> CLINENTITY -> CLINENTITY -> CLINENTITY -> CLINENTITY","ulcères, ulcère, ulcération, ulcérations, ulcère, ulcérations"
"FR100078","c20","Classe 2","(SNdef,1)-(SNdem,1)","EVENT -> Non annoté","hospitalisation, ces hospitalisations"
"FR100078","c23","Classe 3","(SNdef,2)","EVENT -> EVENT","récidives, récidives"
"FR100078","c53","Classe 2","(SN∅,1)-(SNdem,1)","EVENT/CLINENTITY -> Non annoté","surinfection, ces infections"
"FR100092","c1","Classe 3","(Np,1)-(SNdef,2)","ACTOR (PATIENT) -> ACTOR (PATIENT) -> ACTOR (PATIENT)","Mme HK, La patiente, La patiente"
"FR100092","c27","Classe 1","(SNind,1)-(SNdef,1)","BODYPART -> BODYPART","l'utérus, l'utérus"
"FR100092","c33","Classe 1","(SNind,1)-(Pro,1)","EVENT -> Non annoté","ligne, qui"
"FR100092","c36","Classe 1","(SNind,1)-(SNdef,1)","EVENT/CLINENTITY -> EVENT/CLINENTITY","masse, masse"
"FR100092","c42","Classe 2","(SN∅,2)","Non annoté -> EVENT","β-HCG, hormone"
"FR100092","c54","Classe 3","(SNdef,2)","EVENT -> EVENT","exploration, exploration"
"FR100120","c1","Classe 1","(SNind,1)-(Poss,1)-(SNdem,1)-(Pro,1)-(Poss,1)","ACTOR (PATIENT) -> Non annoté -> ACTOR (PATIENT) -> ACTOR (PATIENT) -> Non annoté","ce militaire, ses, ce militaire, il, son"
"FR100120","c8","Classe 1","(SNind,1)-(SN∅,1)-(SNposs,1)","EVENT -> EVENT -> EVENT","diabète, diabète, diabète"
"FR100120","c21","Classe 2","(SNnum,2)-(SNdef,1)-(SNind,1)-(SNdef,1)","EVENT/CLINENTITY -> EVENT/CLINENTITY -> EVENT/CLINENTITY -> EVENT/CLINENTITY -> EVENT/CLINENTITY","papules, lésions, lésions, lésion, lésion"
"FR100120","c26","Classe 3","(SNdef,2)","EVENT -> EVENT","examen, examen"
"FR100120","c28","Classe 1","(SNind,2)","EVENT -> EVENT","orifice, orifice"
"FR100120","c51","Classe 3","(SNdef,1)-(SNdem,1)-(Pro,1)-(SNdef,2)","EVENT -> EVENT -> Non annoté -> CLINENTITY -> EVENT","larves, larves, elles, larve, larves"
"FR100130","c7","Classe 3","(SNdef,2)","EVENT -> EVENT","lombalgies, lombalgies"
"FR100130","c1","Classe 3","(SNind,1)-(Pro,2)-(SNposs,1)-(SNdef,3)","ACTOR (PATIENT) -> ACTOR (PATIENT) -> ACTOR (PATIENT) -> ACTOR (PATIENT) -> ACTOR (PATIENT) -> ACTOR (PATIENT) -> ACTOR (PATIENT)","Le patient, Il, Il, Le patient, Le patient, Le patient, Le patient"
"FR100130","c20","Classe 3","(SNdef,2)","CLINENTITY -> CLINENTITY","contracture des muscles, contracture des muscles"
"FR100130","c19","Classe 1","(SNind,1)-(SNdem,1)-(SNdef,3)","EVENT -> EVENT/CLINENTITY -> EVENT -> EVENT -> EVENT","contracture, contractures, contracture, contracture, contracture"
"FR100130","c23","Classe 3","(SNdef,2)","EVENT/CLINENTITY -> EVENT/CLINENTITY","crampes, crampes"
"FR100130","c33","Classe 2","(SNdef,1)-(SN∅,1)","EVENT -> Non annoté","créatine, CPK"
"FR100130","c34","Classe 2","(SNdef,1)-(SN∅,1)","EVENT -> Non annoté","lactate, LDH"
"FR100130","c38","Classe 1","(SNdef,1)-(SNind,1)","EVENT -> EVENT","bilan, bilan"
"FR100130","c39","Classe 2","(SNdef,1)-(SN∅,1)-(SNdem,1)","EVENT/CLINENTITY -> EVENT/CLINENTITY -> EVENT","SHR, SHR, forme"
"FR100130","c40","Classe 3","(SNdef,2)","EVENT -> EVENT","diagnostic, diagnostic"
"FR100130","c41","Classe 3","(SNdef,1)-(Pro,1)","EVENT -> Non annoté","électromyogramme, qui"
"FR100130","c73","Classe 1","(SNind,1)-(SNdef,1)","EVENT -> EVENT","aggravation, aggravation"
"FR100130","c80","Classe 1","(SNind,1)-(SNdef,1)","EVENT/CLINENTITY -> EVENT/CLINENTITY","dysarthrie, dysarthrie"
"FR100130","c78","Classe 1","(SNind,1)-(SNdef,1)","EVENT -> EVENT","dyspnée, dyspnée"
"FR100130","c105","Classe 2","(SNnum,2)","TIMEX3 -> TIMEX3","1 mois, 1 mois"
"FR100132","c1","Classe 3","(Poss,1)-(SNind,1)-(SNdef,1)-(Pro,1)-(Poss,1)-(SNdef,3)-(Poss,1)-(Pro,1)","ACTOR (H-PROFESSIONAL) -> ACTOR (PATIENT) -> ACTOR (PATIENT) -> ACTOR (PATIENT) -> ACTOR (H-PROFESSIONAL) -> ACTOR (PATIENT) -> ACTOR (PATIENT) -> ACTOR (PATIENT) -> Non annoté -> ACTOR (PATIENT)","son ophtalmologue, Une femme de 51 ans, La patiente, elle, son ophtalmologue, La patiente, La patiente, La patiente, sa, elle"
"FR100132","c4","Classe 3","(SNdef,4)","CLINENTITY -> EVENT -> EVENT -> CLINENTITY","papules, problèmes, signes, papules"
"FR100132","c8","Classe 1","(SNind,1)-(Pro,1)","EVENT -> Non annoté","diagnostic, en"
"FR100132","c11","Classe 3","(SNdef,2)","CLINENTITY -> CLINENTITY","baisse de l'acuité visuelle, baisse de l'acuité visuelle"
"FR100132","c10","Classe 1","(SNind,2)","EVENT -> EVENT","baisse, baisse"
"FR100132","c26","Classe 3","(SNdef,2)","BODYPART -> BODYPART","aux plis, aux plis"
"FR100132","c30","Classe 3","(SNdef,2)-(Poss,1)","BODYPART -> BODYPART -> ACTOR (H-PROFESSIONAL)","la peau, la peau, son ophtalmologue"
"FR100132","c49","Classe 3","(SNdef,2)","BODYPART -> BODYPART","les deux yeux, les deux yeux"
"FR100142","c5","Classe 3","(SNnum,1)-(SNdem,1)-(SNdef,2)","EVENT/CLINENTITY -> EVENT/CLINENTITY -> EVENT/CLINENTITY -> EVENT/CLINENTITY","nodules, lésions, lésions, lésions"
"FR100142","c9","Classe 3","(SNdef,3)","BODYPART -> BODYPART -> BODYPART","l'avant bras droit, tout le membre, l'avant bras droit"
"FR100142","c1","Classe 3","(Np,1)-(SNdef,1)-(Pro,1)-(SNdef,1)","ACTOR (PATIENT) -> ACTOR (PATIENT) -> ACTOR (PATIENT) -> ACTOR (PATIENT)","Mr SS, Le patient, Il, Le patient"
"FR100142","c39","Classe 3","(SNdef,2)","BODYPART -> BODYPART","des 2 membres supérieurs, des 2 membres supérieurs"
"FR100142","c38","Classe 1","(SNind,1)-(SNdef,1)","EVENT/CLINENTITY -> EVENT/CLINENTITY","lymphoedème, lymphoedème"
"FR100142","c50","Classe 3","(SNdef,2)","EVENT/CLINENTITY -> EVENT/CLINENTITY","adénopathies, adénopathies"
"FR100142","c63","Classe 3","(SNdef,2)","EVENT -> EVENT","Ferritinémie, Ferritinémie"
"FR100142","c76","Classe 3","(SNdef,3)","EVENT -> EVENT -> EVENT","taux, taux, taux"
"FR100161","c1","Classe 1","(SNind,1)-(Poss,1)-(SNdef,1)","ACTOR (PATIENT) -> Non annoté -> ACTOR (PATIENT)","Le patient, ses, Le patient"
"FR100161","c8","Classe 2","(SN∅,1)-(SNdef,1)","EVENT -> EVENT","persistance, persistance"
"FR100161","c23","Classe 1","(SNind,1)-(SNdef,1)","EVENT -> EVENT","cytolyse, cytolyse"
"FR100161","c31","Classe 2","(SNdef,1)-(SN∅,1)-(SNdef,1)","CLINENTITY -> EVENT/CLINENTITY -> EVENT/CLINENTITY","hépatite C, HVC, HVC"
"FR100161","c45","Classe 1","(SNind,1)-(SNdef,1)-(Pro,1)-(SNdef,2)","EVENT/CLINENTITY -> EVENT/CLINENTITY -> Non annoté -> CLINENTITY -> CLINENTITY","masse, masse, qui, tumeur, tumeur"
"FR100161","c66","Classe 3","(SNdef,2)","TIMEX3 -> TIMEX3","24 heures, 24 heures"
"FR100168","c1","Classe 4","(SNind,1)-(SNdef,1)-(SNposs,1)-(SNdef,5)-(Poss,1)","ACTOR (PATIENT) -> ACTOR (PATIENT) -> ACTOR (PATIENT) -> ACTOR (PATIENT) -> ACTOR (PATIENT) -> ACTOR (PATIENT) -> ACTOR (PATIENT) -> ACTOR (PATIENT) -> ACTOR (OTHER)","un homme âgé de 38 ans, au patient, au patient, au patient, au patient, au patient, au patient, au patient, tous les membres de sa famille"
"FR100168","c14","Classe 1","(SNind,1)-(SNdef,1)","EVENT -> EVENT","ostéosynthèse, intervention"
"FR100168","c20","Classe 3","(SNdef,2)","EVENT -> EVENT","plaquettes, plaquettes"
"FR100168","c29","Classe 3","(SNdef,3)","ACTOR (H-PROFESSIONAL) -> ACTOR (H-PROFESSIONAL) -> ACTOR (H-PROFESSIONAL)","Le chirurgien, Le chirurgien, Le chirurgien"
"FR100168","c27","Classe 1","(SNind,1)-(SNdem,1)-(SNdef,3)","EVENT/CLINENTITY -> EVENT/CLINENTITY -> EVENT/CLINENTITY -> EVENT/CLINENTITY -> EVENT/CLINENTITY","saignement, saignement, saignement, saignement, saignement"
"FR100168","c34","Classe 1","(SNposs,1)-(Poss,1)","ACTOR (H-PROFESSIONAL) -> ACTOR (PATIENT)","notre équipe, notre patient"
"FR100168","c54","Classe 2","(SNind,1)-(SN∅,1)","EVENT -> EVENT","transfusion, transfusion"
"FR100168","c85","Classe 1","(SNind,1)-(SNdem,1)","EVENT -> EVENT","habitude, habitude"
"FR100168","c94","Classe 1","(SNdem,1)-(Pro,1)","EVENT -> Non annoté","phytothérapie, qui"
"FR100185","c4","Classe 1","(SNind,1)-(Pro,1)","EVENT -> Non annoté","tumeur, laquelle"
"FR100185","c1","Classe 3","(Pro,1)-(SNind,1)-(Pro,1)","ACTOR (PATIENT) -> ACTOR (PATIENT) -> ACTOR (PATIENT)","elle, une femme de 50 ans, elle"
"FR100185","c14","Classe 3","(SNdef,3)","BODYPART -> BODYPART -> BODYPART","du membre supérieur gauche, du membre supérieur gauche, du membre supérieur gauche"
"FR100185","c31","Classe 3","(SNdef,2)","BODYPART -> BODYPART","du plexus brachial, du plexus brachial"
"FR100185","c30","Classe 2","(SNdef,1)-(SN∅,1)","EVENT -> EVENT","IRM, IRM"
"FR100227","c3","Classe 1","(SNind,1)-(SNdef,1)","ACTOR (PATIENT) -> ACTOR (PATIENT)","le patient, le patient"
"FR100227","c11","Classe 1","(SNind,1)-(SNdef,1)","EVENT/CLINENTITY -> EVENT/CLINENTITY","diplopie, diplopie"
"FR100227","c14","Classe 3","(SNdef,2)","EVENT -> EVENT","Lancaster, Lancaster"
"FR100227","c15","Classe 3","(SNdef,2)","EVENT -> EVENT","bilan, bilan"
"FR100227","c16","Classe 3","(SNdef,2)","EVENT -> EVENT","IRM, IRM"
"FR100255","c1","Classe 3","(Np,1)-(SNdef,1)-(Poss,1)-(SNdef,2)","ACTOR (PATIENT) -> ACTOR (PATIENT) -> Non annoté -> ACTOR (PATIENT) -> ACTOR (PATIENT)","Madame K, La patiente, son, La patiente, La patiente"
"FR100255","c5","Classe 2","(SN∅,1)-(SNdef,1)","EVENT -> EVENT","crise, crise"
"FR100255","c7","Classe 2","(SNnum,2)","TIMEX3 -> TIMEX3","36 semaines d'aménorrhées, 36 semaines d'aménorrhées"
"FR100255","c6","Classe 1","(SNind,2)","EVENT -> EVENT","grossesse, grossesse"
"FR100255","c8","Classe 2","(SN∅,2)","TIMEX3 -> TIMEX3","36 semaines d'aménorrhées, 36 semaines d'aménorrhées"
"FR100255","c10","Classe 1","(SNdef,1)-(SNposs,1)","EVENT -> EVENT","admission, admission"
"FR100255","c13","Classe 1","(SNind,1)-(SNdef,1)","EVENT -> CLINENTITY","pression, hypertension artérielle"
"FR100255","c22","Classe 1","(SNind,2)-(SNdef,1)","EVENT -> EVENT -> EVENT","emphysème, emphysème, emphysème"
"FR100255","c54","Classe 1","(SNind,2)-(SNdef,1)","EVENT/CLINENTITY -> EVENT/CLINENTITY -> EVENT/CLINENTITY","pneumomédiastin, pneumomédiastin, pneumomédiastin"
"FR100275","c1","Classe 4","(SNind,1)-(Poss,1)-(SNdef,1)-(Poss,1)-(SNdef,1)-(Pro,1)-(SNdef,2)-(Pro,1)-(SNdef,1)-(Poss,2)-(SNdef,3)-(Pro,1)-(SNdef,2)","ACTOR (PATIENT) -> ACTOR (OTHER) -> ACTOR (PATIENT) -> ACTOR (OTHER) -> ACTOR (PATIENT) -> ACTOR (OTHER) -> ACTOR (PATIENT) -> ACTOR (PATIENT) -> ACTOR (OTHER) -> ACTOR (PATIENT) -> Non annoté -> Non annoté -> ACTOR (OTHER) -> ACTOR (PATIENT) -> ACTOR (PATIENT) -> ACTOR (OTHER) -> ACTOR (OTHER) -> ACTOR (OTHER)","Une fillette de 2 ans, sa famille, L'enfant, sa famille, L'enfant, Elle, L'enfant, L'enfant, Elle, L'enfant, son, son, La sœur du nourrisson, L'enfant, L'enfant, Elle, La sœur du nourrisson, La sœur du nourrisson"
"FR100275","c3","Classe 1","(SNposs,2)-(SNdef,1)","ACTOR (OTHER) -> ACTOR (OTHER) -> ACTOR (OTHER)","la famille, la famille, la famille"
"FR100275","c8","Classe 3","(SNdef,2)","EVENT -> EVENT","manœuvres, manœuvres"
"FR100275","c11","Classe 3","(SNdef,1)-(Pro,1)","ACTOR (OTHER) -> Non annoté","du réanimateur, qui"
"FR100275","c36","Classe 2","(SNdef,1)-(SN∅,1)","CLINENTITY -> CLINENTITY","syndrome du QT Long, syndrome du QT Long"
"FR100275","c37","Classe 1","(SN∅,1)-(SNposs,1)","EVENT -> Non annoté","bêtabloquant, son traitement"
"FR100275","c38","Classe 2","(Np,2)","EVENT -> EVENT","Nadolol, Nadolol"
"FR100275","c60","Classe 2","(SN∅,1)-(SNdef,1)","EVENT -> EVENT","hospitalisation, hospitalisation"
"FR100275","c66","Classe 2","(SN∅,3)","EVENT -> EVENT -> EVENT","foyer, foyer, foyer"
"FR100275","c70","Classe 3","(SNdef,2)","EVENT -> EVENT","électroencéphalogramme, électroencéphalogramme"
"FR100275","c75","Classe 2","(SN∅,2)","EVENT/CLINENTITY -> EVENT/CLINENTITY","récidive, récidive"
"FR100275","c86","Classe 1","(SNind,2)","EVENT -> EVENT","défibrillateur, défibrillateur"
"FR100275","c96","Classe 2","(SN∅,4)","EVENT -> EVENT -> EVENT -> EVENT","bêtabloquant, bêtabloquant, bêtabloquant, bêtabloquant"
"FR100275","c101","Classe 3","(SNdef,2)","CLINENTITY -> CLINENTITY","mutation au niveau du gène HERG, mutation au niveau du gène HERG"
"FR100275","c102","Classe 3","(SNdef,2)","CLINENTITY -> CLINENTITY","mutation au niveau du gène HERG, mutation au niveau du gène HERG"
"FR100275","c99","Classe 1","(SNind,1)-(SNdef,2)","EVENT -> CLINENTITY -> EVENT","mutation, mutations, mutation"
"FR100275","c98","Classe 1","(SNind,1)-(Pro,1)-(SNdef,1)","ACTOR (OTHER) -> ACTOR (OTHER) -> ACTOR (OTHER)","la mère, Elle, la mère"
"FR100275","c104","Classe 3","(SNdef,1)-(Pro,2)","ACTOR (OTHER) -> ACTOR (OTHER) -> ACTOR (OTHER)","La sœur du nourrisson, Elle, Elle"
"FR100275","c106","Classe 3","(SNdef,1)-(Pro,3)","ACTOR (OTHER) -> ACTOR (OTHER) -> ACTOR (OTHER) -> ACTOR (OTHER)","La tante maternelle du nourrisson, Elle, Elle, Elle"
"FR100276","c1","Classe 3","(Np,1)-(Pro,1)-(SNdef,2)","ACTOR (PATIENT) -> ACTOR (PATIENT) -> ACTOR (PATIENT) -> ACTOR (PATIENT)","Mme N.R de 34 ans, elle, la patiente, la patiente"
"FR100276","c3","Classe 1","(SNind,1)-(Pro,1)-(SNdef,1)","EVENT -> Non annoté -> EVENT","grossesse, laquelle, grossesse"
"FR100276","c4","Classe 1","(SNind,1)-(Pro,1)-(SNdem,1)-(SNdef,3)","EVENT -> Non annoté -> EVENT -> EVENT -> EVENT -> EVENT","éruption, qui, lésions, lésions, lésions, lésions"
"FR100276","c14","Classe 1","(SNind,1)-(SNdef,1)","EVENT -> EVENT","pemphigoïde, pemphigoïde"
"FR100276","c16","Classe 2","(SN∅,1)-(Pro,1)","EVENT -> Non annoté","examen, qui"
"FR100276","c20","Classe 2","(SNdef,1)-(SNdem,1)","EVENT -> EVENT","dépôts, signe"
"FR100276","c26","Classe 3","(SN∅,1)-(SNdef,2)-(SN∅,1)","Non annoté -> EVENT -> EVENT -> EVENT","corticoïdes locaux, traitement, traitement, traitement"
"FR100276","c27","Classe 3","(SNdef,2)","EVENT -> EVENT","régression, régression"
"FR100276","c36","Classe 3","(SNdef,2)","EVENT -> EVENT","accouchement, accouchement"
"FR100276","c39","Classe 1","(SNind,1)-(Pro,1)","ACTOR (OTHER) -> Non annoté","un nouveau né de sexe féminin, qui"
"FR100282","c1","Classe 3","(SN∅,1)-(SNdef,1)-(Pro,1)-(Poss,1)-(Pro,1)-(Poss,3)-(Pro,1)-(Poss,1)","ACTOR (PATIENT) -> ACTOR (PATIENT) -> ACTOR (PATIENT) -> Non annoté -> ACTOR (PATIENT) -> Non annoté -> ACTOR (OTHER) -> Non annoté -> ACTOR (PATIENT) -> Non annoté","Patient K.M, Patient K.M, lui, son, il, Ses, sa famille, Ses, il, Ses"
"FR100282","c3","Classe 3","(SNdef,1)-(Pro,1)-(SNposs,1)-(SNdef,1)-(Pro,1)-(Sujet_zero,1)","EVENT -> Non annoté -> EVENT -> EVENT -> Non annoté -> Non annoté","crises, qui, crises, crises, Elles, ont"
"FR100282","c14","Classe 1","(SNind,1)-(SNdef,1)","EVENT -> EVENT","traitement, monothérapie"
"FR100282","c20","Classe 2","(SNind,1)-(SN∅,1)","EVENT -> Non annoté","multithérapie, carbamazépine , phénobarbital et valproate de sodium"
"FR100282","c30","Classe 1","(SNind,2)","EVENT -> EVENT","crise, crise"
"FR100282","c36","Classe 3","(Pro,3)","ACTOR (H-PROFESSIONAL) -> ACTOR (H-PROFESSIONAL) -> ACTOR (H-PROFESSIONAL)","Nous, Nous, Nous"
"FR100282","c49","Classe 1","(Poss,1)-(SNind,1)","ACTOR (OTHER) -> EVENT","sa famille, tracé"
"FR100283","c1","Classe 1","(SNind,1)-(Pro,1)","ACTOR (PATIENT) -> Non annoté","Un homme âgé de 49 ans, qui"
"FR100296","c5","Classe 2","(SNdef,1)-(SN∅,2)","Non annoté -> EVENT -> EVENT -> EVENT","les multiples médications, paracétamol, AINS, AINS"
"FR100296","c4","Classe 1","(SNind,2)-(SNdef,1)","EVENT/CLINENTITY -> EVENT/CLINENTITY -> CLINENTITY","sciatique, sciatique, sciatalgie"
"FR100296","c1","Classe 3","(SNind,1)-(SNdef,4)","ACTOR (PATIENT) -> ACTOR (PATIENT) -> ACTOR (PATIENT) -> ACTOR (PATIENT) -> ACTOR (PATIENT)","Le patient, Le patient, Le patient, Le patient, Le patient"
"FR100296","c17","Classe 3","(SNdef,2)","EVENT/CLINENTITY -> EVENT/CLINENTITY","lombalgie, lombalgie"
"FR100296","c18","Classe 3","(SNdef,2)","EVENT -> EVENT","examen, examen"
"FR100296","c25","Classe 2","(SN∅,1)-(SNdef,1)","EVENT/CLINENTITY -> EVENT/CLINENTITY","allodynie, allodynie"
"FR100296","c22","Classe 3","(SNdef,2)","EVENT -> EVENT","phénomènes, phénomènes"
"FR100296","c29","Classe 1","(SNind,1)-(SNdef,1)","EVENT/CLINENTITY -> EVENT/CLINENTITY","douleur, douleur"
"FR100296","c49","Classe 1","(SNdef,1)-(SNind,1)","EVENT -> EVENT","émergence, émergence"
"FR100296","c57","Classe 2","(SNdef,1)-(SNdem,1)","BODYPART -> BODYPART","Ces racines conjointes, Ces racines conjointes"
"FR100296","c58","Classe 3","(SNdef,2)","BODYPART -> BODYPART","Le récessus latéral, Le récessus latéral"
"FR100296","c59","Classe 3","(SNdef,1)-(Sujet_zero,1)","BODYPART -> Non annoté","La racine médiale, était"
"FR100314","c1","Classe 3","(SN∅,1)-(Poss,1)-(SNdef,2)","ACTOR (PATIENT) -> Non annoté -> ACTOR (PATIENT) -> ACTOR (PATIENT)","La patiente, son, le patient, La patiente"
"FR100314","c6","Classe 2","(SNind,1)-(SN∅,1)","EVENT -> EVENT","accident, collision"
"FR100314","c22","Classe 2","(SN∅,1)-(SNdef,1)","BODYPART -> BODYPART","du membre supérieure, du membre supérieure"
"FR100344","c1","Classe 3","(Np,1)-(SNdef,4)-(Pro,1)","ACTOR (PATIENT) -> ACTOR (PATIENT) -> ACTOR (PATIENT) -> ACTOR (PATIENT) -> ACTOR (PATIENT) -> ACTOR (PATIENT)","madame H.E. âgée de 22 ans, la gestante, la gestante, La mère, La mère, Elle"
"FR100344","c13","Classe 2","(SN∅,2)","TIMEX3 -> TIMEX3","11semaines d'aménorrhée (SA) + 6 jours (jr), 11semaines d'aménorrhée (SA) + 6 jours (jr)"
"FR100344","c16","Classe 1","(SNind,1)-(SNdef,2)","EVENT -> EVENT -> EVENT","grossesse, grossesse, grossesse"
"FR100344","c20","Classe 2","(SN∅,1)-(Autre,1)-(SN∅,1)","TIMEX3 -> TIMEX3 -> TIMEX3","11semaines d'aménorrhée (SA) + 6 jours (jr), 11SA + 1jr, 11semaines d'aménorrhée (SA) + 6 jours (jr)"
"FR100344","c21","Classe 2","(SNnum,1)-(SN∅,1)","TIMEX3 -> TIMEX3","10 jours, 11semaines d'aménorrhée (SA) + 6 jours (jr)"
"FR100344","c23","Classe 1","(Autre,1)-(SNnum,1)","ACTOR (OTHER) -> ACTOR (OTHER)","deuxième jumeau (J2), 2 e jumeau"
"FR100344","c25","Classe 2","(SN∅,1)-(SNnum,1)","ACTOR (OTHER) -> ACTOR (OTHER)","2 e jumeau, 3 e jumeau"
"FR100344","c32","Classe 2","(SNdef,1)-(SNnum,1)-(SNdef,1)","ACTOR (OTHER) -> ACTOR (OTHER) -> ACTOR (OTHER)","les fœtus, 3 jumeaux, Les quatre nouveau-nés"
"FR100344","c34","Classe 2","(SNnum,1)-(Pro,1)","TIMEX3 -> Non annoté","11semaines d'aménorrhée (SA) + 6 jours (jr), où"
"FR100344","c48","Classe 2","(SNnum,1)-(SNdef,1)-(SNnum,1)","ACTOR (OTHER) -> ACTOR (OTHER) -> ACTOR (OTHER)","4 jumeaux vivants (1 fille et 3 garçons), 1 ère jumelle, La première jumelle vivante polymalformée à développement abdominal et de découverte per opératoire"
"FR100344","c49","Classe 2","(SNnum,1)-(SNdef,1)","ACTOR (OTHER) -> ACTOR (OTHER)","4 jumeaux vivants (1 fille et 3 garçons), 3 jumeaux"
"FR100344","c55","Classe 3","(SNdef,2)","BODYPART -> BODYPART","Le placenta de la grossesse abdominale, Le placenta de la grossesse abdominale"
"FR100346","c5","Classe 1","(SNind,2)","EVENT/CLINENTITY -> EVENT/CLINENTITY","SEP, SEP"
"FR100346","c1","Classe 2","(Np,1)-(Pro,1)","ACTOR (PATIENT) -> ACTOR (PATIENT)","Mlle B Z âgée de 39 ans, elle"
"FR100346","c10","Classe 2","(SN∅,1)-(SNind,1)","EVENT/CLINENTITY -> EVENT/CLINENTITY","fièvre, fièvre"
"FR100346","c37","Classe 2","(SNind,1)-(Np,1)-(SNdef,1)","EVENT/CLINENTITY -> EVENT/CLINENTITY -> EVENT/CLINENTITY","EP, EP, EP"
"FR100346","c54","Classe 2","(SNind,1)-(SN∅,1)","EVENT -> EVENT","angiomyolipome, angiomyolipome"
"FR100346","c57","Classe 1","(Poss,1)-(SNind,1)","Non annoté -> EVENT/CLINENTITY","sa, LAM"
"FR100360","c6","Classe 3","(SNdef,2)","CLINENTITY -> CLINENTITY","adénocarcinome de l'endomètre, adénocarcinome de l'endomètre"
"FR100360","c5","Classe 1","(SNind,2)","EVENT -> EVENT","adénocarcinome, adénocarcinome"
"FR100360","c1","Classe 4","(SNind,1)-(SNdef,6)-(Poss,1)","ACTOR (PATIENT) -> ACTOR (PATIENT) -> ACTOR (PATIENT) -> ACTOR (PATIENT) -> ACTOR (PATIENT) -> ACTOR (PATIENT) -> ACTOR (PATIENT) -> Non annoté","La patiente, La patiente, La patiente, La patiente, La patiente, La patiente, La patiente, sa"
"FR100360","c13","Classe 2","(SN∅,1)-(SNdef,1)","EVENT -> EVENT","curage, curage"
"FR100360","c23","Classe 1","(SNind,1)-(SNdef,2)","EVENT -> EVENT -> EVENT","radiothérapie, traitement, traitement"
"FR100360","c31","Classe 3","(SNdef,2)","EVENT -> EVENT","fin, fin"
"FR100360","c46","Classe 1","(SNind,1)-(Pro,1)","EVENT -> Non annoté","biopsie, dont"
"FR100360","c48","Classe 1","(SNind,1)-(SNposs,1)","EVENT/CLINENTITY -> EVENT/CLINENTITY","métastase, métastase"
"FR100361","c1","Classe 3","(Np,1)-(Pro,1)-(Poss,1)-(Pro,1)-(SNdef,5)","ACTOR (PATIENT) -> ACTOR (PATIENT) -> Non annoté -> ACTOR (PATIENT) -> ACTOR (PATIENT) -> ACTOR (PATIENT) -> ACTOR (PATIENT) -> ACTOR (PATIENT) -> ACTOR (PATIENT)","Mme R.C âgée de 48 ans, Elle, son, Elle, La patiente, La patiente, La patiente, La patiente, La patiente"
"FR100361","c16","Classe 2","(SN∅,1)-(SNind,1)","EVENT -> EVENT","insuffisance, insuffisance"
"FR100361","c24","Classe 1","(SNind,1)-(SNdef,1)","EVENT -> EVENT","syndrome, syndrome"
"FR100361","c27","Classe 1","(SNind,1)-(SNdef,1)","EVENT -> EVENT","TDM, TDM"
"FR100361","c35","Classe 1","(SNind,1)-(Poss,1)","BODYPART -> Non annoté","un liquide céphalorachidien (LCR) trouble, son"
"FR100361","c37","Classe 2","(SNind,1)-(SN∅,1)","EVENT/CLINENTITY -> EVENT/CLINENTITY","méningite, méningite"
"FR100361","c50","Classe 2","(SNdef,1)-(SN∅,1)","EVENT -> EVENT","protéine, CRP"
"FR100361","c70","Classe 3","(SNdef,2)","EVENT -> EVENT","IRM, IRM"
"FR100361","c85","Classe 3","(SNind,1)-(Pro,1)-(Sujet_zero,1)-(Pro,1)","EVENT -> Non annoté -> EVENT -> Non annoté","processus, Il, englobe, Il"
"FR100361","c89","Classe 3","(SNdef,1)-(Pro,1)","BODYPART -> Non annoté","la carotide interne intracaverneuse, qui"
"FR100361","c102","Classe 3","(SNdef,1)-(Pro,1)","EVENT -> Non annoté","diagnostic, celui"
"FR100361","c117","Classe 2","(SN∅,1)-(SNdef,1)","EVENT -> EVENT","antibiothérapie, traitement"
"FR100371","c1","Classe 3","(SNind,1)-(SNdef,1)-(Poss,1)-(Pro,1)-(Poss,1)-(SNdef,1)-(Pro,2)-(SNdef,1)-(Poss,1)-(SNdef,1)","ACTOR (PATIENT) -> ACTOR (PATIENT) -> Non annoté -> ACTOR (PATIENT) -> Non annoté -> ACTOR (PATIENT) -> ACTOR (PATIENT) -> ACTOR (PATIENT) -> ACTOR (PATIENT) -> Non annoté -> ACTOR (PATIENT)","Une femme de 60 ans, La patiente, son, Elle, ses, La patiente, Elle, Elle, La patiente, son, La patiente"
"FR100371","c7","Classe 4","(SNind,2)-(Pro,1)-(SNdef,2)-(Poss,1)-(SNdef,4)-(Poss,1)-(SNdef,1)","EVENT/CLINENTITY -> EVENT -> Non annoté -> EVENT -> EVENT/CLINENTITY -> Non annoté -> EVENT/CLINENTITY -> EVENT/CLINENTITY -> EVENT/CLINENTITY -> EVENT -> Non annoté -> EVENT","tuméfaction, tumeur, dont, tumeur, masse, sa, masse, masse, masse, tumeur, sa, tumeur"
"FR100371","c11","Classe 3","(SNdef,2)","EVENT -> EVENT","pièce, pièce"
"FR100371","c12","Classe 3","(SN∅,1)-(SNdef,2)","EVENT -> EVENT -> EVENT","examen, examen, examen"
"FR100371","c27","Classe 1","(SNind,1)-(SNdem,1)-(SNdef,2)","EVENT/CLINENTITY -> EVENT/CLINENTITY -> EVENT/CLINENTITY -> EVENT","tuméfaction, lésion, lésion, tumeur"
"FR100371","c34","Classe 1","(SNind,1)-(SNdef,1)","EVENT -> EVENT","douleur, douleur"
"FR100371","c38","Classe 3","(SNdef,2)","EVENT -> EVENT","bilan, bilan"
"FR100371","c65","Classe 1","(SNind,1)-(SNdef,1)","EVENT -> EVENT","opacité, opacité"
"FR100371","c71","Classe 3","(SNdef,2)","BODYPART -> BODYPART","du sternum, du sternum"
"FR100371","c77","Classe 1","(SNind,1)-(SNposs,1)","EVENT -> EVENT","intervention, intervention"
"FR100371","c78","Classe 2","(SNdef,1)-(SNdem,1)","EVENT -> EVENT","exérèse, ablation"
"FR100371","c94","Classe 2","(SNdef,1)-(SNnum,1)","EVENT -> RML","tension, 130/85 mmHg"
"FR100400","c1","Classe 1","(Np,1)-(Poss,1)-(SNind,1)-(SNdef,3)","ACTOR (PATIENT) -> Non annoté -> ACTOR (PATIENT) -> ACTOR (PATIENT) -> ACTOR (PATIENT) -> ACTOR (PATIENT)","Madame Z.O, Son, La patiente, La patiente, La patiente, La patiente"
"FR100400","c11","Classe 3","(SNdef,3)","CLINENTITY -> CLINENTITY -> CLINENTITY","douleurs de l'hypochondre, douleurs de l'hypocondre, douleurs de l'hypocondre"
"FR100400","c10","Classe 3","(SNdef,2)","EVENT -> EVENT","douleurs, douleurs"
"FR100400","c32","Classe 1","(SNind,2)-(SNdef,1)","EVENT -> EVENT -> EVENT","masse, kyste, kyste"
"FR100400","c34","Classe 3","(SNdef,4)","BODYPART -> BODYPART -> BODYPART -> BODYPART","la loge surrénalienne droite, la surrénale, la loge surrénalienne droite, la surrénale"
"FR100400","c37","Classe 1","(SNdef,1)-(SNind,2)","EVENT -> EVENT -> EVENT","diagnostic, kyste, kyste"
"FR100400","c50","Classe 1","(SNind,1)-(SNdef,1)","EVENT -> Non annoté","drainage, le drain"
"FR100439","c1","Classe 2","(Np,1)-(SNdef,1)","ACTOR (PATIENT) -> ACTOR (PATIENT)","Mme A.K âgée de 57 ans, La patiente"
"FR100439","c12","Classe 3","(SNdef,2)","BODYPART -> BODYPART","la paroi postérieure du rhinopharynx, la paroi postérieure du rhinopharynx"
"FR100439","c11","Classe 3","(SNind,1)-(Pro,1)-(SNdem,1)-(Poss,1)-(SNdef,5)","EVENT/CLINENTITY -> Non annoté -> EVENT/CLINENTITY -> Non annoté -> Non annoté -> EVENT/CLINENTITY -> BODYPART -> EVENT/CLINENTITY -> EVENT/CLINENTITY","tumeur, qui, tumeur, sa, formation, lésion, du site tumoral rhinopharyngé, tumeur, lésion"
"FR100439","c18","Classe 3","(SNdef,2)","EVENT -> EVENT","prélèvements, prélèvements"
"FR100439","c34","Classe 1","(SNind,1)-(SNdef,1)","EVENT -> EVENT","adénopathie, adénopathie"
"FR100439","c42","Classe 1","(SNind,1)-(SNdem,1)","EVENT -> EVENT","biopsies, biopsies"
"FR100439","c47","Classe 1","(SNind,1)-(SNdem,1)-(SNdef,1)","EVENT -> EVENT -> EVENT","analyse, analyse, exploration"
"FR100439","c65","Classe 1","(SNind,1)-(SNdef,1)","EVENT -> EVENT","lymphome, lymphome"
"FR100439","c68","Classe 2","(SNind,1)-(Np,1)-(SNdem,1)","EVENT -> EVENT -> EVENT","Tomographie, TEP, examen"
"FR100439","c85","Classe 1","(SNind,1)-(SNdef,2)","EVENT -> EVENT -> EVENT","traitement, traitement, traitement"
"FR100439","c106","Classe 3","(SNdef,2)","EVENT -> EVENT","fin, fin"
"FR100448","c1","Classe 2","(Np,1)-(Pro,1)","ACTOR (PATIENT) -> Non annoté","Mme G.B âgée de 51 ans, qui"
"FR100448","c6","Classe 1","(SNind,2)","EVENT/CLINENTITY -> EVENT/CLINENTITY","masse, masse"
"FR100448","c10","Classe 3","(SNdef,2)","BODYPART -> BODYPART","du lobe gauche de la thyroïde, du lobe gauche de la thyroïde"
"FR100448","c16","Classe 2","(SN∅,1)-(SNdef,1)","EVENT/CLINENTITY -> EVENT/CLINENTITY","dysthyroïde, maladie"
"FR100448","c38","Classe 3","(SNdef,3)","EVENT -> Non annoté -> Non annoté","scanner, TEP, TEP"
"FR100453","c1","Classe 1","(SNind,1)-(SNdem,1)-(Pro,1)-(SNdem,1)","ACTOR (PATIENT) -> ACTOR (PATIENT) -> ACTOR (PATIENT) -> ACTOR (PATIENT)","Ce patient, Cet enfant, il, Ce patient"
"FR100453","c10","Classe 3","(SNdef,4)","BODYPART -> BODYPART -> BODYPART -> BODYPART","des membres supérieurs, des membres supérieurs, des membres supérieurs, des membres supérieurs"
"FR100453","c13","Classe 3","(SNdef,2)","BODYPART -> BODYPART","des membres supérieurs et du thorax, des membres supérieurs et du thorax"
"FR100453","c12","Classe 1","(SNind,2)","EVENT/CLINENTITY -> EVENT/CLINENTITY","hypertrophie, hypertrophie"
"FR100453","c14","Classe 1","(SNind,2)","EVENT/CLINENTITY -> EVENT/CLINENTITY","scoliose, scoliose"
"FR100453","c21","Classe 2","(SN∅,2)","EVENT -> EVENT","anomalies, anomalie"
"FR100480","c1","Classe 4","(Np,1)-(Pro,1)-(SNdef,4)-(Pro,1)-(SNdef,3)-(Poss,1)-(Pro,1)-(Poss,1)-(Pro,1)-(Poss,1)","ACTOR (PATIENT) -> Non annoté -> ACTOR (PATIENT) -> ACTOR (PATIENT) -> ACTOR (PATIENT) -> ACTOR (PATIENT) -> ACTOR (PATIENT) -> ACTOR (PATIENT) -> ACTOR (PATIENT) -> ACTOR (PATIENT) -> Non annoté -> ACTOR (PATIENT) -> BODYPART -> Non annoté -> Non annoté","Mme H.O âgée de 55 ans, qui, La patiente, La patiente, La patiente, La patiente, Elle, La patiente, La patiente, La patiente, son, Elle, sa main, lui, ses"
"FR100480","c5","Classe 1","(SNind,1)-(SNdef,1)","EVENT/CLINENTITY -> EVENT/CLINENTITY","lésion, lésion"
"FR100480","c9","Classe 1","(SNdef,1)-(SNposs,1)","CLINENTITY -> CLINENTITY","destruction partielle de la tablette unguéale du 3 ème doigt de la main gauche, destruction partielle de la tablette unguéale du 3 ème doigt de la main gauche"
"FR100480","c20","Classe 2","(SN∅,2)","CLINENTITY -> CLINENTITY","mélanome malin niveau V de Clark, mélanome malin niveau V de Clark"
"FR100480","c21","Classe 2","(Np,2)","CLINENTITY -> CLINENTITY","mélanome malin niveau V de Clark, mélanome malin niveau V de Clark"
"FR100480","c24","Classe 1","(SNind,1)-(SNdef,1)","EVENT -> EVENT","amputation, amputation"
"FR100480","c40","Classe 3","(SNdef,1)-(Poss,1)-(SNdef,1)","CLINENTITY -> Non annoté -> CLINENTITY","moignon, son, moignon"
"FR100480","c46","Classe 1","(SNind,1)-(Pro,1)","EVENT/CLINENTITY -> Non annoté","tuméfaction, qui"
"FR100480","c66","Classe 2","(SNnum,2)","EVENT -> EVENT","nodules, nodules"
"FR100510","c1","Classe 1","(Pro,1)-(SNind,1)","Non annoté -> ACTOR (PATIENT)","qui, un patient âgé de 21 ans"
"FR100510","c4","Classe 1","(SNind,2)-(SNdef,2)","EVENT/CLINENTITY -> EVENT -> EVENT -> EVENT","tuméfaction, lésion, lésion, lésion"
"FR100510","c9","Classe 1","(SNind,2)-(Pro,1)-(SNdef,1)","EVENT -> EVENT -> Non annoté -> EVENT","masse, masse, qui, masse"
"FR100510","c13","Classe 3","(SNdef,5)","BODYPART -> BODYPART -> BODYPART -> BODYPART -> BODYPART","du pédicule supéro-interne de la scapula, du pédicule supéro-interne de la scapula, du pédicule supéro-interne de la scapula, la sacpula, du pédicule supéro-interne de la scapula"
"FR100510","c16","Classe 3","(SNdef,2)","BODYPART -> BODYPART","l'épaule, l'épaule"
"FR100510","c22","Classe 1","(SNind,1)-(Pro,1)","EVENT -> Non annoté","TDM, qui"
"FR100510","c23","Classe 1","(SNind,1)-(SNdef,1)","EVENT -> EVENT","tumeur, tumeur"
"FR100510","c24","Classe 3","(SNdef,2)","BODYPART -> BODYPART","la fosse sus épineuse de la scapula, la fosse sus épineuse de la scapula"
"FR100510","c31","Classe 1","(SNind,1)-(Pro,1)","EVENT -> Non annoté","biopsie, dont"
"FR100510","c33","Classe 1","(SNind,2)","EVENT -> EVENT","kyste, kyste"
"FR100510","c35","Classe 1","(SNind,1)-(SNdef,1)","EVENT -> EVENT","exerce, intervention"
"FR100510","c44","Classe 1","(SNind,1)-(SNdef,1)","EVENT -> EVENT","résection, excision"
"FR100510","c54","Classe 2","(SNdef,1)-(SNdem,1)","EVENT -> EVENT","espaces, caractéristiques"
"FR100515","c4","Classe 3","(SN∅,1)-(SNdef,3)","EVENT/CLINENTITY -> EVENT -> EVENT -> EVENT/CLINENTITY","myalgies, atteinte, atteinte, myalgies"
"FR100515","c7","Classe 1","(SNind,1)-(SNdef,1)","EVENT -> EVENT","placards, lésions"
"FR100515","c18","Classe 1","(SNind,1)-(SNdef,1)","EVENT -> EVENT","déficit, déficit"
"FR100515","c23","Classe 2","(SNind,1)-(SN∅,1)","EVENT -> Non annoté","créatine, CPK"
"FR100515","c46","Classe 3","(SNdef,1)-(Pro,1)","BODYPART -> Non annoté","L'hypoderme, Elle"
"FR100515","c88","Classe 2","(SNdef,1)-(Np,1)","EVENT -> EVENT","méthotrexate, méthotrexate"
"FR100515","c96","Classe 2","(SN∅,1)-(SNdef,1)","EVENT -> EVENT","résistance, résistance"
"FR100515","c98","Classe 3","(SNdef,4)","EVENT -> EVENT/CLINENTITY -> EVENT -> EVENT","lésions, panniculite, lésions, lésions"
"FR100515","c99","Classe 2","(SN∅,2)","EVENT/CLINENTITY -> EVENT/CLINENTITY","panniculite, panniculite"
"FR100515","c104","Classe 2","(SNdef,1)-(Np,1)","EVENT -> EVENT","dapsone, dapsone"
"FR100515","c114","Classe 2","(SN∅,2)-(SNdef,1)-(SN∅,1)","Non annoté -> Non annoté -> EVENT -> EVENT","Immunoglobulines polyvalentes intraveineuses, IgIV, Ig, Ig"
"FR100515","c115","Classe 2","(SNnum,2)","EVENT -> EVENT","cures, cures"
"FR100515","c118","Classe 1","(SNdef,1)-(SNind,1)","EVENT -> EVENT","évolution, rémission"
"FR100515","c119","Classe 3","(SNdef,2)","EVENT -> EVENT","cure, cure"
"FR100517","c1","Classe 3","(Np,1)-(Pro,2)-(SNdef,1)-(Poss,1)-(Np,1)-(SNdef,1)","ACTOR (PATIENT) -> ACTOR (PATIENT) -> ACTOR (PATIENT) -> ACTOR (PATIENT) -> Non annoté -> ACTOR (PATIENT) -> ACTOR (PATIENT)","Madame H., Elle, Elle, la patiente, son, Madame H., la patiente"
"FR100517","c5","Classe 2","(SN∅,1)-(Pro,1)","CLINENTITY -> Non annoté","arthralgies, Elles"
"FR100517","c20","Classe 3","(SNdef,2)","BODYPART -> BODYPART","des paupières, des paupières"
"FR100517","c19","Classe 1","(Autre,1)-(SNind,1)","CLINENTITY -> EVENT/CLINENTITY","érythrœdème, érythème"
"FR100517","c17","Classe 1","(SNind,1)-(SNposs,1)","EVENT/CLINENTITY -> EVENT/CLINENTITY","asthénie, asthénie"
"FR100517","c27","Classe 2","(SNdef,1)-(SN∅,1)","EVENT/CLINENTITY -> BODYPART","ulcérations, papules de Gottron"
"FR100517","c23","Classe 1","(SNind,1)-(SNdem,1)","EVENT/CLINENTITY -> EVENT","œdème, éléments"
"FR100517","c33","Classe 2","(SNind,1)-(SN∅,1)","EVENT/CLINENTITY -> EVENT/CLINENTITY","dermatomyosite, dermatomyosite"
"FR100517","c73","Classe 1","(SNind,1)-(SNdef,1)","EVENT -> EVENT","dyspnée, dyspnée"
"FR100517","c86","Classe 3","(SNdef,1)-(Pro,1)-(SNdef,1)","EVENT -> Non annoté -> EVENT","tomodensitométrie, y, tomodensitométrie"
"FR100517","c96","Classe 3","(SNind,1)-(SNdef,2)-(Pro,1)","EVENT/CLINENTITY -> EVENT/CLINENTITY -> EVENT/CLINENTITY -> Non annoté","pneumomédiastin, pneumomédiastin, pneumomédiastin, qui"
"FR100517","c100","Classe 2","(SNind,1)-(SN∅,1)","EVENT -> EVENT","traitement, traitement"
"FR100519","c1","Classe 1","(SNind,1)-(Pro,1)-(SNdef,1)-(Pro,2)-(SNdef,1)","ACTOR (PATIENT) -> ACTOR (PATIENT) -> ACTOR (PATIENT) -> ACTOR (PATIENT) -> ACTOR (PATIENT) -> ACTOR (PATIENT)","La patiente, Elle, La patiente, Elle, Elle, La patiente"
"FR100519","c6","Classe 2","(SN∅,1)-(SNind,1)-(SNdef,1)-(SN∅,1)","EVENT -> EVENT -> EVENT -> EVENT","embolie, embolie, embolie, embolie"
"FR100519","c11","Classe 1","(SNind,1)-(SNdef,1)","EVENT -> EVENT","plâtre, plâtre"
"FR100519","c38","Classe 3","(Np,1)-(SNdef,2)","EVENT -> EVENT -> EVENT","enoxaparine, enoxaparine, enoxaparine"
"FR100519","c41","Classe 2","(SNind,1)-(Np,1)","EVENT -> Non annoté","analgésie, Paracétamol et Tramadol"
"FR100519","c64","Classe 3","(SNdef,2)","EVENT -> EVENT","diagnostic, diagnostic"
"FR100519","c68","Classe 3","(SNdef,3)","EVENT -> EVENT -> EVENT","Fluindione, Fluindione, Fluindione"
"FR100519","c81","Classe 3","(SNdef,2)","BODYPART -> BODYPART","du foie, du foie"
"FR100519","c80","Classe 1","(SNind,2)","EVENT -> EVENT","hématome, hématome"
"FR100519","c99","Classe 2","(SNnum,1)-(SN∅,1)","Non annoté -> BODYPART","poches, PFC"
"FR100519","c106","Classe 2","(SN∅,1)-(SNind,1)","EVENT -> EVENT","TDM, tomodensitométrie"
"FR100579","c3","Classe 1","(SNind,1)-(Pro,1)","ACTOR (PATIENT) -> Non annoté","un patient âgé de 50 ans, qui"
"FR100589","c1","Classe 3","(Np,1)-(Poss,1)-(SNdef,1)-(Poss,1)-(SNdef,3)","ACTOR (PATIENT) -> ACTOR (OTHER) -> ACTOR (PATIENT) -> ACTOR (OTHER) -> ACTOR (PATIENT) -> ACTOR (PATIENT) -> ACTOR (PATIENT)","Mr M.A âgé de 53 ans, son entourage, Le patient, son entourage, Le patient, Le patient, Le patient"
"FR100589","c24","Classe 1","(SNind,1)-(SNdef,1)","EVENT -> EVENT","adénopathie, adénopathie"
"FR100589","c31","Classe 3","(SNdef,2)","BODYPART -> BODYPART","des deux champs pulmonaires, des deux champs pulmonaires"
"FR100589","c35","Classe 1","(SNind,1)-(SNdem,1)","EVENT -> Non annoté","aspect, ce tableau"
"FR100589","c36","Classe 1","(SNind,2)","EVENT -> EVENT","pneumopathie, pneumopathie"
"FR100589","c38","Classe 3","(Pro,2)","ACTOR (H-PROFESSIONAL) -> ACTOR (H-PROFESSIONAL)","nous, nous"
"FR100589","c41","Classe 2","(SNind,1)-(SN∅,1)","EVENT -> EVENT","tuberculose, tuberculose"
"FR100589","c48","Classe 1","(SNind,1)-(Poss,1)","EVENT/CLINENTITY -> Non annoté","sarcoïdose, sa"
"FR100589","c58","Classe 2","(SNdef,1)-(SN∅,2)","EVENT -> EVENT -> EVENT","Bacille, BK, BK"
"FR100589","c109","Classe 1","(SNind,1)-(Pro,1)","EVENT -> Non annoté","myélogramme, qui"
"FR100589","c126","Classe 3","(SNdef,1)-(Pro,1)","EVENT -> Non annoté","sérologie, qui"
"FR100597","c1","Classe 3","(SNind,1)-(SNdef,1)-(Pro,2)-(SNdef,3)","ACTOR (PATIENT) -> ACTOR (PATIENT) -> ACTOR (PATIENT) -> ACTOR (PATIENT) -> ACTOR (PATIENT) -> ACTOR (PATIENT) -> ACTOR (PATIENT)","La patiente, La patiente, Elle, Elle, La patiente, La patiente, La patiente"
"FR100597","c13","Classe 1","(SNind,2)","EVENT -> EVENT","masse, masse"
"FR100597","c30","Classe 1","(SNind,1)-(Pro,1)-(Poss,1)","BODYPART -> Non annoté -> Non annoté","un col, qui, son"
"FR100597","c33","Classe 1","(SNdef,1)-(SNind,1)-(SNdef,2)","BODYPART -> BODYPART -> BODYPART -> BODYPART","L'utérus, L'utérus, L'utérus, L'utérus"
"FR100597","c43","Classe 1","(SNind,1)-(SNposs,1)","EVENT -> EVENT","échographie, exploration"
"FR100597","c48","Classe 1","(SNind,2)-(Poss,1)-(SNdef,1)","EVENT -> EVENT -> Non annoté -> EVENT","masse, masse, son, masse"
"FR100597","c56","Classe 3","(Pro,1)-(Poss,1)-(SNdef,1)-(Pro,2)","ACTOR (H-PROFESSIONAL) -> Non annoté -> ACTOR (H-PROFESSIONAL) -> ACTOR (H-PROFESSIONAL) -> ACTOR (H-PROFESSIONAL)","Nous, notre, staff, Nous, On"
"FR100597","c58","Classe 1","(SNind,1)-(Pro,1)","EVENT -> Non annoté","scanner, qui"
"FR100597","c70","Classe 3","(SNdef,2)","BODYPART -> BODYPART","la face interne des vaisseaux iliaques au sein des deux loges ovariennes, la face interne des vaisseaux iliaques au sein des deux loges ovariennes"
"FR100597","c75","Classe 3","(SNdef,1)-(Pro,1)","BODYPART -> Non annoté","la vessie, qui"
"FR100597","c83","Classe 1","(SNnum,1)-(SNind,1)","EVENT -> EVENT","diagnostics, sacome"
"FR100597","c86","Classe 1","(SNind,2)","EVENT -> EVENT","syndrome, syndrome"
"FR100597","c87","Classe 2","(SN∅,2)","CLINENTITY -> CLINENTITY","syndrome de krukenberg, syndrome de krukenberg"
"FR100597","c89","Classe 1","(SNind,1)-(Pro,1)","EVENT -> Non annoté","IRM, qui"
"FR100597","c95","Classe 3","(SNdef,1)-(Pro,1)","EVENT -> Non annoté","marqueurs, tous"
"FR100597","c99","Classe 1","(SNind,1)-(SNdef,1)","EVENT -> EVENT","laparotomie, intervention"
"FR100597","c102","Classe 3","(SNdef,2)","BODYPART -> BODYPART","l'annexe droite, l'annexe droite"
"FR100597","c106","Classe 1","(SNind,1)-(SNdef,2)","EVENT -> EVENT -> EVENT","masse, tumeur, tumeur"
"FR100597","c117","Classe 1","(SNind,1)-(SNdem,1)","EVENT -> EVENT","hystérectomie, gestes"
"FR100597","c124","Classe 3","(SNdef,2)","EVENT -> EVENT","étude, examen"
"FR100603","c2","Classe 1","(SNdem,2)-(Pro,1)","EVENT -> EVENT -> Non annoté","observation, observation, elle"
"FR100603","c4","Classe 1","(SNind,1)-(Pro,1)-(SNind,1)-(SNdef,1)","ACTOR (PATIENT) -> Non annoté -> ACTOR (PATIENT) -> ACTOR (PATIENT)","une jeune femme âgée de 32 ans, quile, La patiente, La patiente"
"FR100603","c7","Classe 3","(SNdef,3)","CLINENTITY -> CLINENTITY -> CLINENTITY","endocardite communautaire de la valve pulmonaire, endocardite communautaire de la valve pulmonaire, endocardite communautaire de la valve pulmonaire"
"FR100611","c1","Classe 1","(SNind,1)-(Poss,1)","ACTOR (PATIENT) -> Non annoté","Un homme de 30 ans, son"
"FR100611","c3","Classe 2","(SN∅,2)","EVENT -> EVENT","tuberculose, tuberculose"
"FR100611","c19","Classe 3","(SNdef,1)-(Pro,1)","EVENT/CLINENTITY -> Non annoté","tuberculomes, dont"
"FR100614","c1","Classe 3","(SNind,1)-(Poss,2)-(SNdef,1)-(Pro,1)","ACTOR (PATIENT) -> Non annoté -> Non annoté -> ACTOR (PATIENT) -> ACTOR (PATIENT)","La patiente, ses, son, La patiente, elle"
"FR100614","c16","Classe 1","(SNind,2)","EVENT -> EVENT","masse, masse"
"FR100614","c30","Classe 1","(SNind,1)-(SNdef,1)-(Poss,1)","EVENT -> EVENT -> Non annoté","masse, masse, ses"
"FR100614","c42","Classe 3","(SNdef,2)","EVENT -> EVENT","exploration, intervention"
"FR100614","c61","Classe 1","(SNind,1)-(Pro,1)","EVENT -> ACTOR (PATIENT)","sérologie, elle"
"FR100620","c1","Classe 2","(Np,1)-(SNdef,1)","ACTOR (PATIENT) -> ACTOR (PATIENT)","Mr R.Y, Le patient"
"FR100620","c6","Classe 1","(SNind,2)","EVENT -> EVENT","toux, toux"
"FR100620","c27","Classe 3","(SNdef,2)","BODYPART -> BODYPART","l'hémithorax droit, l'hémithorax droit"
"FR100620","c31","Classe 3","(SNdef,2)","BODYPART -> BODYPART","du thorax, du thorax"
"FR100620","c34","Classe 1","(SNind,1)-(SNdef,1)","EVENT/CLINENTITY -> EVENT/CLINENTITY","pneumothorax, pneumothorax"
"FR100620","c35","Classe 2","(SNdef,1)-(SN∅,1)","BODYPART -> Non annoté","Le parenchyme pulmonaire gauche, siège"
"FR100620","c36","Classe 3","(SN∅,1)-(Pro,1)-(SNdef,1)-(Sujet_zero,1)-(SNdef,1)-(SN∅,1)-(Pro,1)","EVENT -> Non annoté -> EVENT -> Non annoté -> EVENT -> EVENT -> ACTOR (PATIENT)","images, qui, lésions, étaient, images, formations, Mr R.Y"
"FR100620","c38","Classe 3","(SNdef,2)","BODYPART -> BODYPART","aux territoires supérieurs, des lobes supérieurs"
"FR100620","c39","Classe 1","(SNind,2)","EVENT -> EVENT","distension, distension"
"FR100620","c40","Classe 2","(SNind,1)-(SN∅,1)","EVENT -> EVENT","drainage, drainage"
"FR100620","c55","Classe 3","(SNdef,2)","BODYPART -> BODYPART","des deux pyramides basales, des deux pyramides basales"
"FR100620","c69","Classe 2","(SN∅,1)-(SNdef,1)","EVENT -> EVENT","biopsies, biopsies"
"FR100620","c87","Classe 3","(SNdef,2)","EVENT -> EVENT","Histiocytose, Histiocytose"
"FR100620","c108","Classe 1","(SNind,1)-(SNdef,1)","EVENT -> EVENT","biopsie, biopsie"
"FR100623","c1","Classe 3","(Pro,2)","ACTOR (H-PROFESSIONAL) -> ACTOR (H-PROFESSIONAL)","Nous, Nous"
"FR100623","c3","Classe 1","(SNind,1)-(Pro,1)","ACTOR (PATIENT) -> Non annoté","une patiente de 7 ans, qui"
"FR100623","c13","Classe 3","(SNdef,2)","EVENT -> EVENT","échographie, échographie"
"FR100623","c14","Classe 1","(SNind,1)-(SNdem,1)","EVENT/CLINENTITY -> EVENT/CLINENTITY","masse, masse"
"FR100623","c20","Classe 3","(SNdef,2)-(Poss,1)","BODYPART -> BODYPART -> Non annoté","des vaisseaux mésentériques, des vaisseaux mésentériques, leur"
"FR100623","c26","Classe 3","(SNdef,3)","BODYPART -> BODYPART -> BODYPART","du mésentère, du mésentère, du mésentère"
"FR100623","c25","Classe 2","(SN∅,3)","EVENT/CLINENTITY -> EVENT/CLINENTITY -> EVENT/CLINENTITY","volvulus, volvulus, volvulus"
"FR100623","c22","Classe 1","(SNind,1)-(SNdef,1)","EVENT -> CLINENTITY","formation, lipome"
"FR100623","c29","Classe 3","(SNdef,3)","EVENT -> EVENT -> EVENT","diagnostic, diagnostic, diagnostic"
"FR100629","c1","Classe 1","(Pro,1)-(SNind,1)-(SNdef,1)-(Poss,1)","Non annoté -> ACTOR (PATIENT) -> ACTOR (PATIENT) -> Non annoté","qui, la patiente, la patiente, sa"
"FR100629","c13","Classe 2","(SN∅,2)","RML -> RML","138 battement par minute, 138 battement par minute"
"FR100629","c19","Classe 3","(SNdef,2)","BODYPART -> BODYPART","l'hémi thorax droit, l'hémi-champ thoracique droit"
"FR100629","c25","Classe 1","(SNind,1)-(Pro,1)","EVENT -> Non annoté","examen, qui"
"FR100629","c35","Classe 1","(SNind,1)-(Pro,1)","EVENT -> Non annoté","sarcome, dont"
"FR100629","c56","Classe 1","(SNind,1)-(SNposs,1)","EVENT -> EVENT","chimiothérapie, chimiothérapie"
"FR100629","c59","Classe 2","(Autre,2)","TIMEX3 -> TIMEX3","J1, J1"
"FR100632","c1","Classe 1","(SNind,3)-(SNdef,1)","ACTOR (PATIENT) -> ACTOR (PATIENT) -> ACTOR (PATIENT) -> ACTOR (PATIENT)","Un homme âgé de 59 ans, un patient, un patient, L epatient"
"FR100632","c4","Classe 3","(SNdef,2)","CLINENTITY -> CLINENTITY","trouble de l'équilibre, trouble de l'équilibre"
"FR100632","c6","Classe 3","(SNdef,2)","BODYPART -> BODYPART","aux membres inferieurs, aux membres inferieurs"
"FR100632","c5","Classe 3","(SNdef,2)","EVENT -> EVENT","paresthésies, paresthésies"
"FR100632","c7","Classe 3","(SNdef,2)","EVENT -> EVENT","troubles, troubles"
"FR100632","c3","Classe 2","(SNind,1)-(SN∅,1)","EVENT -> EVENT","trouble, trouble"
"FR100632","c31","Classe 2","(Autre,2)","BODYPART -> BODYPART","D 6, D6"
"FR100632","c47","Classe 1","(SNind,2)","EVENT -> EVENT","myélite, myélite"
"FR100632","c51","Classe 2","(Pro,1)-(SNnum,1)","Non annoté -> RML","dont, 40 éléments/mm 3"
"FR100632","c109","Classe 3","(SNdef,2)","BODYPART -> BODYPART","les anticorps anti NMO, les anticorps anti NMO"
"FR100632","c122","Classe 3","(SNdef,1)-(Pro,1)","EVENT -> Non annoté","diagnostic, celui"
"FR100658","c4","Classe 2","(SN∅,1)-(Np,1)","EVENT -> EVENT/CLINENTITY","broncho-pneumopathie, BPCO"
"FR100658","c1","Classe 1","(SNind,1)-(Poss,1)-(SNind,1)-(SNdef,3)","ACTOR (PATIENT) -> Non annoté -> ACTOR (PATIENT) -> ACTOR (PATIENT) -> ACTOR (PATIENT) -> ACTOR (PATIENT)","Le patient, sa, Le patient, Le patient, Le patient, Le patient"
"FR100658","c10","Classe 2","(SNind,1)-(SN∅,1)","CLINENTITY -> CLINENTITY","lésion de la base de la langue, cystadénolymphome"
"FR100658","c16","Classe 1","(SNind,1)-(SNdef,1)","EVENT/CLINENTITY -> EVENT/CLINENTITY","tabagisme, tabagisme"
"FR100658","c42","Classe 3","(SNdef,2)","BODYPART -> BODYPART","l'hémi larynx gauche, l'hémi larynx gauche"
"FR100658","c43","Classe 3","(SNdef,2)","BODYPART -> BODYPART","du sinus piriforme gauche, du sinus piriforme gauche"
"FR100658","c40","Classe 1","(SNind,2)-(SNdem,1)","EVENT -> EVENT -> EVENT","processus, processus, processus"
"FR100658","c44","Classe 2","(SN∅,1)-(SNind,1)","EVENT -> EVENT","TDM, tomodensitométrie"
"FR100658","c69","Classe 2","(SNdef,1)-(SN∅,1)-(SNdef,1)","EVENT -> EVENT -> EVENT","pression, PNI, PNI"
"FR100658","c74","Classe 2","(SNdef,1)-(SN∅,1)-(SNdef,1)","EVENT -> EVENT -> EVENT","saturation, SpO2, SpO2"
"FR100658","c105","Classe 3","(SNdef,2)-(SN∅,1)","EVENT -> EVENT -> EVENT","anesthésie, anesthésie, anesthésie"
"FR100658","c128","Classe 3","(SNdef,2)","EVENT -> EVENT","geste, geste"
"FR100663","c1","Classe 3","(Pro,1)-(Poss,1)-(Pro,8)","ACTOR (H-PROFESSIONAL) -> Non annoté -> ACTOR (H-PROFESSIONAL) -> ACTOR (H-PROFESSIONAL) -> ACTOR (H-PROFESSIONAL) -> ACTOR (H-PROFESSIONAL) -> ACTOR (H-PROFESSIONAL) -> ACTOR (H-PROFESSIONAL) -> ACTOR (H-PROFESSIONAL) -> ACTOR (H-PROFESSIONAL)","Nous, notre, Nous, Nous, Nous, Nous, Nous, Nous, Nous, Nous"
"FR100663","c3","Classe 3","(SNind,1)-(SNdef,2)-(Poss,1)-(SNdef,1)","ACTOR (PATIENT) -> ACTOR (PATIENT) -> ACTOR (PATIENT) -> BODYPART -> ACTOR (PATIENT)","La patiente, La patiente, La patiente, son pôle supérieur, La patiente"
"FR100663","c8","Classe 2","(SN∅,2)","EVENT -> EVENT","césarienne, césarienne"
"FR100663","c7","Classe 1","(SNind,2)-(SNdef,1)-(Pro,1)-(Poss,1)","ACTOR (OTHER) -> ACTOR (OTHER) -> BODYPART -> BODYPART -> BODYPART","un enfant vivant, un embryon, l'oeuf, l'abdomen, son pôle supérieur"
"FR100663","c11","Classe 2","(SN∅,1)-(SNnum,1)","TIMEX3 -> TIMEX3","7 semaines d'aménorrhée (SA), 7 semaines"
"FR100663","c26","Classe 1","(SNind,1)-(SNdef,2)","EVENT/CLINENTITY -> EVENT/CLINENTITY -> EVENT/CLINENTITY","cicatrice, cicatrice, cicatrice"
"FR100663","c32","Classe 2","(SN∅,2)","BODYPART -> BODYPART","un utérus antéversé, légèrement augmenté de taille, un utérus antéversé, légèrement augmenté de taille"
"FR100663","c31","Classe 1","(SNind,2)-(SNdef,2)","BODYPART -> BODYPART -> BODYPART -> BODYPART","la face antérieure de l'utérus, la face antérieure de l'utérus, la face antérieure de l'utérus, la face antérieure de l'utérus"
"FR100663","c37","Classe 1","(SNind,1)-(SNdef,1)-(SNind,1)-(SNdef,1)","BODYPART -> BODYPART -> BODYPART -> BODYPART","Le sac, Le sac, Le sac, Le sac"
"FR100663","c41","Classe 1","(SNind,1)-(SNposs,1)","BODYPART -> BODYPART","son pôle supérieur, son pôle supérieur"
"FR100663","c44","Classe 2","(SN∅,2)","EVENT -> EVENT","activité, activité"
"FR100663","c50","Classe 3","(SNdef,2)","EVENT -> BODYPART","Taux, hCG plasmatique"
"FR100663","c58","Classe 1","(SNind,1)-(Pro,1)","EVENT -> Non annoté","bilan, qui"
"FR100663","c66","Classe 1","(SNind,1)-(Pro,1)","EVENT -> Non annoté","contrôle, qui"
"FR100663","c76","Classe 1","(SNind,1)-(SNdef,1)","EVENT -> EVENT","traitement, intervention"
"FR100663","c84","Classe 3","(SNdef,2)","BODYPART -> BODYPART","une vessie ascensionnée sur la partie antérieure de l'utérus, la face antérieure de l'utérus"
"FR100663","c83","Classe 3","(SNind,1)-(SNdef,1)-(Pro,1)","BODYPART -> BODYPART -> BODYPART","la vessie, la vessie, l'abdomen"
"FR100666","c4","Classe 3","(SNdef,3)","EVENT/CLINENTITY -> EVENT -> EVENT","tuméfactions, lésions, lésions"
"FR100666","c1","Classe 3","(SNind,1)-(SNdef,1)-(Pro,1)-(SNdef,3)","ACTOR (PATIENT) -> ACTOR (PATIENT) -> ACTOR (PATIENT) -> ACTOR (PATIENT) -> ACTOR (PATIENT) -> ACTOR (PATIENT)","Un jeune homme âgé de 19 ans, Le patient, Il, Le patient, Le patient, Le patient"
"FR100666","c15","Classe 1","(SNind,1)-(Pro,1)","EVENT -> Non annoté","bilan, qui"
"FR100666","c26","Classe 2","(SN∅,1)-(SNdem,1)-(SN∅,1)","EVENT/CLINENTITY -> EVENT/CLINENTITY -> EVENT/CLINENTITY","tuméfactions, tuméfactions, tuméfactions"
"FR100666","c48","Classe 3","(SNdef,1)-(Pro,1)","EVENT -> Non annoté","diagnostic, celui"
"FR100666","c52","Classe 1","(SNind,1)-(Pro,1)","EVENT -> Non annoté","biopsie, dont"
"FR100666","c61","Classe 1","(SNind,1)-(SNdef,1)","EVENT -> EVENT","lymphome, lymphome"
"FR100666","c72","Classe 2","(SNdef,1)-(Np,1)","CLINENTITY -> CLINENTITY","virus de l'immunodéficience humaine, VIH"
"FR100666","c86","Classe 2","(SN∅,2)","EVENT -> Non annoté","polychimiothérapie, chimiothérapie"
"FR100666","c90","Classe 2","(SN∅,3)","EVENT -> EVENT -> EVENT","COP, cyclophosphamide, cyclophosphamide"
"FR100666","c91","Classe 2","(SN∅,2)","EVENT -> EVENT","vincristine, vincristine"
"FR100666","c92","Classe 2","(SN∅,2)","EVENT -> EVENT","prédnisone, prédnisone"
"FR100666","c102","Classe 1","(SNind,2)","EVENT -> EVENT","régression, rémission"
"FR100683","c1","Classe 3","(SNdef,1)-(Poss,1)-(Pro,3)-(SNdef,1)-(Poss,1)-(SNdef,1)","ACTOR (PATIENT) -> Non annoté -> ACTOR (PATIENT) -> ACTOR (PATIENT) -> ACTOR (PATIENT) -> ACTOR (PATIENT) -> Non annoté -> ACTOR (PATIENT)","La patiente, ses, Elle, Elle, Elle, La patiente, Son, La patiente"
"FR100683","c5","Classe 2","(SN∅,2)","EVENT -> EVENT","bouffées, bouffées"
"FR100683","c4","Classe 1","(SNind,2)","EVENT -> EVENT","aménorrhée, aménorrhée"
"FR100683","c6","Classe 2","(SNnum,2)","TIMEX3 -> TIMEX3","17 ans, 17 ans"
"FR100683","c3","Classe 2","(SN∅,2)","EVENT/CLINENTITY -> EVENT/CLINENTITY","galactorrhée, galactorrhée"
"FR100683","c12","Classe 2","(SNnum,1)-(Pro,1)","EVENT -> Non annoté","grossesses, dont"
"FR100683","c64","Classe 2","(SNdef,1)-(SN∅,1)","EVENT -> EVENT","FSH, FSH"
"FR100683","c65","Classe 2","(SNdef,1)-(SN∅,1)","EVENT -> EVENT","LH, LH"
"FR100683","c68","Classe 3","(SNdef,2)","EVENT -> EVENT","IRM, IRM"
"FR100683","c69","Classe 1","(SNind,1)-(SNdef,1)","Non annoté -> EVENT/CLINENTITY","micro, adénome"
"FR100688","c1","Classe 1","(SNind,1)-(Pro,2)-(SNdef,1)-(Pro,1)","ACTOR (PATIENT) -> ACTOR (PATIENT) -> ACTOR (PATIENT) -> ACTOR (PATIENT) -> ACTOR (PATIENT)","Un patient âgé de 27 ans, Il, Il, Un patient âgé de 27 ans, Il"
"FR100688","c4","Classe 1","(SNind,1)-(SNdef,1)-(SNind,1)-(SNdef,2)","EVENT/CLINENTITY -> EVENT/CLINENTITY -> EVENT/CLINENTITY -> EVENT/CLINENTITY -> EVENT/CLINENTITY","tuméfaction, tuméfaction, tuméfaction, tuméfaction, tuméfaction"
"FR100688","c31","Classe 2","(SN∅,2)","EVENT -> EVENT","Bacille, Bacille"
"FR100688","c39","Classe 1","(SNdef,1)-(Autre,1)","BODYPART -> BODYPART","la dixième et onzième vertèbre dorsale (D10-D11), la dixième et onzième vertèbre dorsale (D10-D11)"
"FR100689","c1","Classe 3","(SNind,1)-(Pro,1)-(Poss,1)-(SNdef,1)-(Poss,2)-(SNdef,2)","ACTOR (PATIENT) -> ACTOR (PATIENT) -> ACTOR (OTHER) -> ACTOR (PATIENT) -> ACTOR (OTHER) -> ACTOR (OTHER) -> ACTOR (PATIENT) -> ACTOR (PATIENT)","un jeune homme de 36 ans, Il, son frère, le patient, son frère, son frère, le patient, le patient"
"FR100689","c6","Classe 1","(SNind,1)-(SNdem,1)","EVENT -> Non annoté","syndrome, tableau"
"FR100689","c7","Classe 1","(SNind,1)-(SNdef,1)","EVENT -> EVENT","humeur, symptomatologie"
"FR100689","c17","Classe 2","(SN∅,1)-(SNdef,1)","EVENT/CLINENTITY -> EVENT/CLINENTITY","céphalées, céphalées"
"FR100689","c50","Classe 3","(SNind,1)-(SNdef,1)-(Pro,1)","EVENT/CLINENTITY -> EVENT/CLINENTITY -> Non annoté","diparésie, diparésie, qui"
"FR100689","c48","Classe 1","(SNind,1)-(SNdef,1)","EVENT -> CLINENTITY","syndrome, lésions"
"FR100689","c54","Classe 1","(SNind,2)","EVENT/CLINENTITY -> EVENT/CLINENTITY","hydrocéphalée, hydrocéphalie"
"FR100689","c55","Classe 3","(SNdef,2)","EVENT -> EVENT","IRM, IRM"
"FR100689","c97","Classe 2","(SNdef,1)-(SN∅,1)","EVENT -> Non annoté","IDR, intra dermoréaction à la tuberculine"
"FR100689","c109","Classe 2","(SN∅,1)-(SNdef,1)","EVENT -> EVENT","traitement, traitement"
"FR100697","c1","Classe 1","(SNind,1)-(SNdef,1)","ACTOR (PATIENT) -> ACTOR (PATIENT)","La patiente, La patiente"
"FR100697","c4","Classe 3","(SNdef,2)","Non annoté -> CLINENTITY","la maladie, sida"
"FR100697","c8","Classe 2","(SNdef,1)-(SN∅,1)-(SNdef,1)","BODYPART -> BODYPART -> BODYPART","Le sein controlatéral, Le sein controlatéral, Le sein controlatéral"
"FR100697","c9","Classe 2","(SN∅,2)","CLINENTITY -> CLINENTITY","sein gauche très augmenté de volume, sein gauche très augmenté de volume"
"FR100697","c15","Classe 2","(SN∅,1)-(SNind,1)","EVENT -> EVENT","rétraction, rétraction"
"FR100697","c33","Classe 2","(SNind,1)-(SN∅,1)","EVENT/CLINENTITY -> EVENT/CLINENTITY","épaississement, épaississement"
"FR100697","c50","Classe 2","(SN∅,1)-(SNdem,1)","BODYPART -> BODYPART","Ces cellules, Ces cellules"
"FR100697","c54","Classe 3","(SNdef,1)-(Pro,1)","EVENT -> Non annoté","immunomarquage, il"
"FR100708","c1","Classe 3","(Pro,1)-(Poss,1)","ACTOR (H-PROFESSIONAL) -> Non annoté","Nous, notre"
"FR100708","c3","Classe 3","(SNind,1)-(Poss,1)-(SNdef,1)-(Pro,1)-(Poss,1)-(Pro,1)-(SNdef,1)-(Pro,1)-(SNdef,1)","ACTOR (PATIENT) -> Non annoté -> ACTOR (PATIENT) -> ACTOR (PATIENT) -> Non annoté -> ACTOR (PATIENT) -> ACTOR (PATIENT) -> ACTOR (PATIENT) -> ACTOR (PATIENT)","La patiente, sa, La patiente, elle, son, elle-même, La patiente, elle, La patiente"
"FR100708","c19","Classe 2","(SN∅,2)","EVENT/CLINENTITY -> EVENT/CLINENTITY","galactorrhée, galactorrhée"
"FR100708","c24","Classe 1","(SNind,1)-(Pro,1)","EVENT -> Non annoté","IRM, laquelle"
"FR100708","c29","Classe 1","(SNind,1)-(Pro,1)","EVENT/CLINENTITY -> Non annoté","pathologie, qui"
"FR100708","c35","Classe 2","(Np,1)-(SNposs,1)","Non annoté -> EVENT","Cabergoline, médicament"
"FR100708","c38","Classe 2","(SN∅,1)-(SNdef,1)","EVENT -> EVENT","traitement, traitement"
"FR100708","c41","Classe 3","(SNdef,1)-(SN∅,1)-(SNdef,3)","CLINENTITY -> CLINENTITY -> CLINENTITY -> CLINENTITY -> CLINENTITY","augmentation du volume du sein, augmentation du volume du sein, augmentation du volume du sein, augmentation du volume du sein, augmentation du volume du sein"
"FR100708","c48","Classe 2","(SN∅,1)-(SNind,1)","EVENT/CLINENTITY -> EVENT/CLINENTITY","masse, masse"
"FR100708","c62","Classe 2","(SN∅,1)-(SNdem,1)","EVENT -> EVENT","collection, collection"
"FR100717","c15","Classe 1","(SNind,1)-(SNdef,1)","EVENT/CLINENTITY -> CLINENTITY","radiculalgie, lombo-radiculalgie"
"FR100717","c14","Classe 1","(SNind,1)-(SNdef,1)","CLINENTITY -> CLINENTITY","lombosciatique S1 bilatérale, lombosciatique S1 bilatérale"
"FR100717","c40","Classe 2","(Autre,3)","BODYPART -> BODYPART -> BODYPART","L3-L4, L3-L4, L3-L4"
"FR100717","c41","Classe 2","(Autre,1)-(Np,1)-(Autre,3)-(Np,1)","BODYPART -> BODYPART -> BODYPART -> BODYPART -> BODYPART -> BODYPART","L4-L5, L5, L4-L5, L5, L5, L5"
"FR100717","c42","Classe 1","(SNind,2)","CLINENTITY -> CLINENTITY","canal lombaire étroit, canal lombaire étroit"
"FR100717","c43","Classe 3","(SNdef,1)-(Pro,1)","EVENT -> Non annoté","IRM, Elle"
"FR100717","c45","Classe 1","(SNind,1)-(Pro,1)","EVENT -> Non annoté","épaississement, qui"
"FR100717","c51","Classe 1","(SNind,1)-(SNdef,1)","EVENT -> EVENT","laminectomie, intervention"
"FR100717","c54","Classe 3","(Pro,2)","ACTOR (H-PROFESSIONAL) -> ACTOR (H-PROFESSIONAL)","nous, nous"
"FR100717","c55","Classe 2","(SN∅,1)-(SNdef,1)","EVENT -> EVENT","quantité, masse"
"FR100748","c6","Classe 2","(SN∅,2)","CLINENTITY -> EVENT/CLINENTITY","hypertension artérielle, HTA"
"FR100748","c1","Classe 4","(SNind,1)-(SNdef,4)-(Pro,1)-(Poss,1)-(SNdef,1)-(Poss,1)","ACTOR (PATIENT) -> ACTOR (PATIENT) -> ACTOR (PATIENT) -> ACTOR (PATIENT) -> ACTOR (PATIENT) -> ACTOR (PATIENT) -> Non annoté -> ACTOR (PATIENT) -> Non annoté","La patiente, La patiente, La patiente, La patiente, La patiente, Elle, son, La patiente, ses"
"FR100748","c15","Classe 2","(SNdef,1)-(SN∅,1)-(SNind,1)-(SNdef,1)","EVENT -> EVENT -> EVENT -> EVENT","tension, TA, tension, TA"
"FR100748","c16","Classe 2","(SNnum,2)","RML -> RML","130/80 mm de Hg, 130/80 mm de Hg"
"FR100748","c17","Classe 2","(SNnum,2)","RML -> RML","130/80 mm de Hg, 190/120 mmHg"
"FR100748","c22","Classe 1","(SNind,1)-(SNdef,1)","EVENT/CLINENTITY -> CLINENTITY","masse, tumeur"
"FR100748","c24","Classe 3","(SNdef,2)","BODYPART -> BODYPART","la veine cave inférieure, les veines cave inférieure et rénale droite"
"FR100748","c23","Classe 3","(SNdef,2)","BODYPART -> BODYPART","la veine cave inférieure, les veines cave inférieure et rénale droite"
"FR100748","c27","Classe 2","(SNdef,1)-(Np,1)","Non annoté -> EVENT","l' acide vanyl-mandélique urinaire, VMA"
"FR100748","c39","Classe 2","(SN∅,1)-(SNdef,1)","EVENT -> EVENT","intubation, intubation"
"FR100748","c38","Classe 2","(SNind,1)-(Np,1)","EVENT -> EVENT","critère, Mallampati"
"FR100748","c55","Classe 3","(SNdef,2)","EVENT -> EVENT","Nicardipine, Nicardipine"
"FR100748","c58","Classe 3","(SNdef,2)","EVENT -> EVENT","furosémide, furosémide"
"FR100748","c61","Classe 3","(SNdef,2)","EVENT -> EVENT","dopamine, dopamine"
"FR100748","c66","Classe 3","(SNdef,2)","EVENT -> EVENT","vécuronium, vécuronium"
"FR100748","c67","Classe 3","(SNdef,2)","EVENT -> EVENT","fentanyl, fentanyl"
"FR100748","c78","Classe 1","(SNdef,1)-(SNposs,1)","EVENT -> EVENT","chiffres, chiffres"
"FR100748","c81","Classe 2","(SNdef,1)-(SN∅,1)","Non annoté -> EVENT","la pression artérielle, PNI"
"FR100748","c82","Classe 1","(SNdef,1)-(Autre,1)","EVENT -> EVENT","saturation, SPO2"
"FR100748","c84","Classe 1","(SNdef,1)-(Autre,1)","EVENT -> EVENT","capnométrie, ETCO2"
"FR100748","c90","Classe 2","(SN∅,1)-(SNdef,1)","EVENT -> EVENT","résection, résection"
"FR100766","c1","Classe 3","(SN∅,1)-(SNdef,2)-(Pro,1)-(Poss,1)-(Pro,1)-(Poss,1)-(SNdef,1)","ACTOR (PATIENT) -> ACTOR (PATIENT) -> ACTOR (PATIENT) -> ACTOR (PATIENT) -> Non annoté -> ACTOR (PATIENT) -> Non annoté -> ACTOR (PATIENT)","Le patient, Le patient, Le patient, Il, sa, Il, son, Le patient"
"FR100766","c3","Classe 1","(SNind,1)-(SNdef,1)","EVENT -> EVENT/CLINENTITY","adénocarcinome, tumeur"
"FR100766","c9","Classe 1","(SNind,1)-(SNdef,1)","EVENT -> EVENT","CPC, CPC"
"FR100766","c19","Classe 3","(SNdef,1)-(Pro,1)","CLINENTITY -> CLINENTITY","colon qui est prolabé, colon qui est prolabé"
"FR100766","c20","Classe 3","(SNdef,1)-(Pro,1)","BODYPART -> Non annoté","l'orifice stomial, où"
"FR100766","c22","Classe 2","(SN∅,1)-(SNdef,1)","EVENT -> EVENT","traitement, traitement"
"FR100780","c1","Classe 4","(Np,1)-(SNposs,1)-(SNdef,6)-(Poss,1)-(SNdef,2)","ACTOR (PATIENT) -> ACTOR (PATIENT) -> ACTOR (PATIENT) -> ACTOR (PATIENT) -> ACTOR (PATIENT) -> ACTOR (PATIENT) -> ACTOR (PATIENT) -> ACTOR (PATIENT) -> Non annoté -> ACTOR (PATIENT) -> ACTOR (PATIENT)","Madame Y.A âgée de 28 ans, La patiente, La patiente, La patiente, La patiente, La patiente, La patiente, La patiente, son, La patiente, la parturiente"
"FR100780","c15","Classe 3","(SNdef,2)","EVENT -> EVENT","grossesse, grossesse"
"FR100780","c22","Classe 1","(SNind,1)-(Pro,1)-(SNdef,1)","EVENT -> Non annoté -> EVENT","hypertension, qui, hypertension"
"FR100780","c25","Classe 2","(SNnum,2)","EVENT -> EVENT","séances, séances"
"FR100780","c24","Classe 1","(SNind,2)","EVENT -> EVENT","insuffisance, insuffisance"
"FR100780","c31","Classe 2","(SN∅,1)-(SNdef,1)","EVENT -> EVENT","alpha-méthyldopa, alpha-méthyldopa"
"FR100780","c64","Classe 1","(SNind,2)","EVENT -> EVENT","présentation, présentation"
"FR100780","c60","Classe 1","(SNind,1)-(SNdef,1)","BODYPART -> BODYPART","du col, du col"
"FR100780","c127","Classe 1","(SNind,1)-(SNdef,1)","ACTOR (OTHER) -> ACTOR (OTHER)","un prématuré de sexe masculin, Le nouveau-né"
"FR100806","c1","Classe 3","(Pro,1)-(SNind,1)-(Poss,1)-(Pro,3)-(SNdef,1)-(Pro,1)-(Poss,1)","Non annoté -> ACTOR (PATIENT) -> BODYPART -> ACTOR (PATIENT) -> ACTOR (PATIENT) -> ACTOR (PATIENT) -> ACTOR (PATIENT) -> ACTOR (PATIENT) -> Non annoté","qui, une demoiselle âgée de 25 ans, un abdomen souple, mât, augmenté de volume, sensible dans son ensemble, Elle, Elle, Elle, la patiente, Elle, sa"
"FR100806","c5","Classe 1","(SNind,1)-(SNdef,1)","EVENT -> EVENT/CLINENTITY","insuffisance, IR"
"FR100806","c8","Classe 2","(SNind,1)-(SN∅,1)-(SNdef,1)","EVENT/CLINENTITY -> EVENT/CLINENTITY -> EVENT/CLINENTITY","anémie, anémie, anémie"
"FR100806","c17","Classe 3","(SNdef,2)","EVENT -> EVENT","hospitalisation, hospitalisation"
"FR100806","c24","Classe 1","(SNind,1)-(SNdem,1)-(Poss,1)-(SNind,1)","CLINENTITY -> CLINENTITY -> BODYPART -> CLINENTITY","abdomen légèrement augmenté de volume, abdomen légèrement augmenté de volume, un abdomen souple, mât, augmenté de volume, sensible dans son ensemble, abdomen légèrement augmenté de volume"
"FR100806","c25","Classe 2","(SN∅,2)","CLINENTITY -> CLINENTITY","abdomen légèrement augmenté de volume, abdomen légèrement augmenté de volume"
"FR100806","c29","Classe 2","(SNnum,2)","RML -> RML","2210µmol/l, 11,6mmol/l"
"FR100806","c33","Classe 2","(SN∅,1)-(SNdem,1)","EVENT/CLINENTITY -> Non annoté","anémie, ce tableau"
"FR100806","c37","Classe 2","(SN∅,2)","EVENT -> EVENT","hémodialyse, dialyse"
"FR100806","c78","Classe 3","(SNdef,2)","CLINENTITY -> CLINENTITY","hématome sous capsulaire avec fracture de la rate, hématome sous capsulaire avec fracture de la rate"
"FR100806","c77","Classe 1","(SNind,2)","EVENT -> EVENT","hématome, hématome"
"FR100806","c99","Classe 1","(SNind,1)-(Pro,1)","EVENT -> Non annoté","récupération, qui"
"FR100814","c25","Classe 3","(SNdef,1)-(Pro,1)-(SNdef,1)","EVENT -> Non annoté -> EVENT","diagnostic, celui, diagnostic"
"FR100814","c26","Classe 1","(SNind,1)-(SNdef,1)","EVENT/CLINENTITY -> EVENT/CLINENTITY","neurofibrome, tumeur"
"FR100826","c1","Classe 1","(SNind,1)-(SNdef,1)","ACTOR (PATIENT) -> ACTOR (PATIENT)","un homme âgé de 50 ans, le donneur"
"FR100826","c9","Classe 2","(SN∅,1)-(SNind,1)","EVENT -> EVENT","TDM, tomodensitométrie"
"FR100826","c10","Classe 1","(SNind,1)-(Poss,1)-(SNdef,1)-(SNind,1)","BODYPART -> BODYPART -> BODYPART -> BODYPART","la portion pré-hépatique normale de la VCI située à droite, sa portion sous rénale, la portion pré-hépatique normale de la VCI située à droite, la portion pré-hépatique normale de la VCI située à droite"
"FR100826","c11","Classe 1","(SNposs,1)-(Pro,1)","BODYPART -> Non annoté","la portion pré-hépatique normale de la VCI située à droite, qui"
"FR100826","c13","Classe 3","(SNdef,1)-(Pro,1)","BODYPART -> Non annoté","la veine rénale gauche, celle-ci"
"FR100845","c1","Classe 1","(SNind,2)-(SNdef,3)","ACTOR (PATIENT) -> ACTOR (PATIENT) -> ACTOR (PATIENT) -> ACTOR (PATIENT) -> ACTOR (PATIENT)","patiente, patiente, patiente, patiente, patiente"
"FR100845","c15","Classe 2","(SN∅,2)","EVENT -> EVENT","jumeaux, jumeaux"
"FR100845","c14","Classe 3","(SNdef,2)","EVENT -> EVENT","diagnostic, diagnostic"
"FR100845","c41","Classe 2","(SNdef,1)-(SNnum,1)","BODYPART -> BODYPART","des deux rachis, des deux rachis"
"FR100845","c42","Classe 3","(SNdef,2)","BODYPART -> BODYPART","deux rachis fusionnant au niveau de la région lombaire, deux rachis fusionnant au niveau de la région lombaire"
"FR100845","c65","Classe 3","(SNdef,2)","EVENT -> Non annoté","poids, le"
"FR100845","c72","Classe 3","(SNdef,1)-(Pro,1)","ACTOR (H-PROFESSIONAL) -> Non annoté","les pédiatres, dont"
"FR100845","c76","Classe 2","(SNnum,1)-(SNdef,1)","BODYPART -> BODYPART","des deux trachées, des deux trachées"
"FR100845","c71","Classe 3","(SNdef,2)","EVENT -> EVENT","jumeaux, jumeaux"
"FR100849","c1","Classe 2","(SNind,1)-(SN∅,3)","ACTOR (PATIENT) -> ACTOR (PATIENT) -> ACTOR (PATIENT) -> ACTOR (PATIENT)","Un homme de 45 ans, Patient, Patient, Patient"
"FR100849","c11","Classe 2","(SN∅,1)-(SNdef,1)","CLINENTITY -> CLINENTITY","masse, masse"
"FR100849","c18","Classe 2","(SNind,1)-(SN∅,1)","EVENT -> EVENT","tomodensitométrie, TDM"
"FR100870","c1","Classe 2","(Np,1)-(SNdef,1)-(Np,1)","ACTOR (PATIENT) -> ACTOR (PATIENT) -> ACTOR (PATIENT)","Mr MD, Le patient, Mr MD"
"FR100870","c3","Classe 2","(SNdef,1)-(SN∅,2)","EVENT -> EVENT/CLINENTITY -> EVENT/CLINENTITY","maladie, kaposi, kaposi"
"FR100870","c8","Classe 3","(SNdef,2)","EVENT/CLINENTITY -> EVENT/CLINENTITY","lésions, lésions"
"FR100870","c11","Classe 1","(SNind,1)-(Pro,1)","EVENT -> Non annoté","biopsie, qui"
"FR100870","c14","Classe 3","(SNdef,1)-(Pro,1)","EVENT -> Non annoté","sérologie, qui"
"FR100870","c29","Classe 2","(SN∅,1)-(SNdef,1)","EVENT -> EVENT","IRM, imagerie"
"FR100870","c56","Classe 2","(SNdef,1)-(SN∅,1)-(Np,1)-(SN∅,1)","CLINENTITY -> Non annoté -> Non annoté -> Non annoté -> Non annoté","immunoglobuline monoclonale, IgG lambda, IgG=22,7g/l, IgG=22,7g/l, IgG lambda"
"FR100870","c75","Classe 1","(SNind,1)-(Pro,1)","EVENT -> Non annoté","myélogramme, qui"
"FR100870","c78","Classe 3","(SN∅,1)-(SNdef,3)","BODYPART -> BODYPART -> BODYPART -> BODYPART","plasmocytes, plasmocytes, plasmocytes, plasmocytes"
"FR100870","c94","Classe 2","(SN∅,1)-(SNnum,1)","Non annoté -> BODYPART","nombre, plasmocytes"
"FR100870","c97","Classe 2","(SNind,1)-(SN∅,1)","EVENT -> Non annoté","remaniement, équivalent moléculaire de la translocation t"
"FR100870","c114","Classe 1","(SNind,2)","EVENT/CLINENTITY -> EVENT/CLINENTITY","myélome, myélome"
"FR100874","c1","Classe 3","(Np,1)-(Pro,1)-(SNdef,2)","ACTOR (PATIENT) -> Non annoté -> ACTOR (PATIENT) -> ACTOR (PATIENT)","Mme F N, qui, La patiente, La patiente"
"FR100874","c16","Classe 3","(SNdef,2)","EVENT -> EVENT","examen, examen"
"FR100874","c43","Classe 1","(SNind,1)-(Pro,1)","EVENT -> Non annoté","diverticule, dont"
"FR100874","c52","Classe 1","(SNind,1)-(Pro,1)","EVENT -> Non annoté","image, dont"
"FR100882","c1","Classe 3","(SNind,1)-(Poss,1)-(Pro,1)-(Poss,1)-(Pro,3)","ACTOR (PATIENT) -> Non annoté -> Non annoté -> Non annoté -> ACTOR (PATIENT) -> ACTOR (PATIENT) -> ACTOR (PATIENT)","une patiente de 72 ans, son, qui, son, Elle, Elle, Elle"
"FR100882","c11","Classe 1","(SNposs,2)","EVENT -> EVENT","hospitalisation, hospitalisation"
"FR100882","c21","Classe 2","(SN∅,1)-(SNdef,1)","EVENT/CLINENTITY -> EVENT/CLINENTITY","dysurie, dysurie"
"FR100882","c22","Classe 2","(SN∅,1)-(SNdef,1)","EVENT -> EVENT","miction, miction"
"FR100882","c20","Classe 2","(SN∅,1)-(SNdef,1)","EVENT -> EVENT","troubles, troubles"
"FR100882","c36","Classe 3","(SNdef,2)","BODYPART -> BODYPART","la pointe des pieds, la pointe des pieds"
"FR100882","c38","Classe 3","(SNdef,2)","BODYPART -> BODYPART","la pointe des pieds, la pointe des pieds"
"FR100882","c37","Classe 3","(SNdef,2)","BODYPART -> BODYPART","la pointe et le talon des pieds, les talons"
"FR100882","c34","Classe 1","(SNdef,1)-(SNind,1)","EVENT -> EVENT","impossible, tenue"
"FR100882","c44","Classe 2","(SN∅,1)-(Autre,1)-(Np,3)","BODYPART -> BODYPART -> BODYPART -> BODYPART -> BODYPART","T7, T7, T7, T7, T7"
"FR100882","c48","Classe 2","(Autre,2)","BODYPART -> BODYPART","T9, T9"
"FR100882","c55","Classe 2","(SN∅,2)","CLINENTITY -> CLINENTITY","compression médullaire, compression médullaire"
"FR100882","c57","Classe 1","(SNind,1)-(Pro,1)","EVENT -> Non annoté","IRM, qui"
"FR100882","c58","Classe 2","(SNind,1)-(SN∅,1)","EVENT/CLINENTITY -> EVENT/CLINENTITY","épidurite, épidurite"
"FR100882","c79","Classe 2","(SN∅,2)","EVENT -> EVENT","signe, signe"
"FR100882","c80","Classe 2","(SN∅,2)","CLINENTITY -> CLINENTITY","malignité, malignité"
"FR100882","c87","Classe 1","(SNind,1)-(SNdef,1)","EVENT/CLINENTITY -> EVENT/CLINENTITY","hémangiome, hémangiome"
"FR100882","c90","Classe 2","(SNind,1)-(SN∅,1)-(Pro,1)","EVENT -> EVENT -> Non annoté","Imagerie, IRM, qui"
"FR100882","c98","Classe 2","(SNind,1)-(SN∅,1)","CLINENTITY -> EVENT","hépatite C, CRP"
"FR100882","c119","Classe 3","(SNdef,2)","BODYPART -> BODYPART","aux membres inférieurs, aux membres inférieurs"
"FR100883","c1","Classe 3","(Pro,1)-(Poss,1)-(SN∅,1)-(SNposs,1)-(Poss,1)","Non annoté -> Non annoté -> ACTOR (PATIENT) -> ACTOR (PATIENT) -> Non annoté","qui, son, Notre patient, Notre patient, sa"
"FR100883","c6","Classe 3","(SNdef,2)","BODYPART -> BODYPART","la cloison nasale de la narine droite, la cloison nasale de la narine droite"
"FR100894","c1","Classe 3","(Pro,3)","ACTOR (H-PROFESSIONAL) -> ACTOR (H-PROFESSIONAL) -> ACTOR (H-PROFESSIONAL)","Nous, Nous, Nous"
"FR100894","c3","Classe 4","(SNind,1)-(SNdef,1)-(Poss,1)-(Pro,1)-(SNdef,3)-(Poss,1)-(SNdef,2)-(Poss,1)-(Pro,1)-(SNdef,2)-(Poss,1)-(SNdef,1)","ACTOR (PATIENT) -> ACTOR (PATIENT) -> Non annoté -> ACTOR (PATIENT) -> ACTOR (PATIENT) -> ACTOR (PATIENT) -> ACTOR (PATIENT) -> BODYPART -> ACTOR (PATIENT) -> ACTOR (PATIENT) -> Non annoté -> ACTOR (PATIENT) -> ACTOR (PATIENT) -> ACTOR (PATIENT) -> Non annoté -> ACTOR (PATIENT)","Le patient, Le patient, son, Il, Le patient, Le patient, Le patient, sa jonction musculo-tendineuse, Le patient, Le patient, son, Il, Le patient, Le patient, son, Le patient"
"FR100894","c7","Classe 1","(SNposs,1)-(SNdef,1)","EVENT -> EVENT","combat, combat"
"FR100894","c10","Classe 3","(SNdef,2)","BODYPART -> BODYPART","Le mollet, Le mollet"
"FR100894","c17","Classe 3","(SNdef,2)","BODYPART -> BODYPART","Le genou, Le genou"
"FR100894","c23","Classe 2","(SNind,1)-(Np,1)-(Pro,1)-(SNdef,1)","EVENT -> EVENT -> Non annoté -> EVENT","imagerie, IRM, qui, IRM"
"FR100894","c26","Classe 1","(SNind,2)","EVENT -> EVENT","désinsertion, désinsertion"
"FR100894","c29","Classe 1","(SNposs,1)-(SNdef,2)-(SNposs,1)","CLINENTITY -> CLINENTITY -> CLINENTITY -> CLINENTITY","désinsertion du gastrocnémien médial de la jonction musculo-tendineuse, désinsertion du gastrocnémien médial de la jonction musculo-tendineuse, désinsertion du gastrocnémien médial de la jonction musculo-tendineuse, désinsertion du gastrocnémien médial de la jonction musculo-tendineuse"
"FR100894","c38","Classe 3","(SNdef,5)","BODYPART -> BODYPART -> BODYPART -> BODYPART -> BODYPART","La jambe, La jambe, La jambe, La jambe, La jambe"
"FR100894","c40","Classe 3","(SNdef,2)","EVENT -> EVENT","palpation, palpation"
"FR100894","c63","Classe 3","(SNdef,1)-(Pro,1)","EVENT -> Non annoté","diagnostic, celui"
"FR100894","c65","Classe 3","(SNdef,4)","BODYPART -> BODYPART -> BODYPART -> BODYPART","Le chef médial du muscle gastrocnémien gauche, Le chef médial du muscle gastrocnémien gauche, Le chef médial du muscle gastrocnémien gauche, Le chef médial du muscle gastrocnémien gauche"
"FR100894","c69","Classe 1","(SNind,1)-(SNdef,1)","EVENT -> EVENT","incision, incision"
"FR100894","c73","Classe 1","(SNind,1)-(SNdef,1)","EVENT/CLINENTITY -> EVENT/CLINENTITY","hématome, hématome"
"FR100894","c76","Classe 1","(SNdef,1)-(Poss,1)","BODYPART -> BODYPART","Le chef médial du muscle gastrocnémien gauche, sa jonction musculo-tendineuse"
"FR100894","c85","Classe 2","(SNnum,2)","TIMEX3 -> TIMEX3","3 semaines, 3 semaines"
"FR100903","c1","Classe 2","(SN∅,1)-(SNdef,1)","ACTOR (PATIENT) -> ACTOR (PATIENT)","Patiente de 24 ans, Patiente de 24 ans"
"FR100903","c14","Classe 3","(SNdef,3)","BODYPART -> BODYPART -> BODYPART","Les deux poumons, Les deux poumons, Les deux poumons"
"FR100903","c15","Classe 1","(SNind,1)-(SNdef,1)","CLINENTITY -> CLINENTITY","cœur hypoplasique, cœur hypoplasique"
"FR100903","c16","Classe 2","(SNind,1)-(SN∅,1)-(Pro,1)-(SNind,1)","EVENT/CLINENTITY -> EVENT/CLINENTITY -> Non annoté -> EVENT/CLINENTITY","ascite, ascite, qui, ascite"
"FR100903","c17","Classe 1","(SNind,2)","EVENT/CLINENTITY -> EVENT/CLINENTITY","oligoamnios, oligoamnios"
"FR100903","c44","Classe 3","(SNdef,2)","Non annoté -> CLINENTITY","niveau, abdomen distendu"
"FR100903","c48","Classe 1","(SNdef,1)-(SNind,1)","BODYPART -> BODYPART","la poche gastrique, la poche gastrique"
"FR100903","c50","Classe 1","(SNdef,1)-(SNind,1)","BODYPART -> BODYPART","Le rein gauche, Le rein gauche"
"FR100903","c51","Classe 2","(SNdef,1)-(SN∅,1)","BODYPART -> BODYPART","Le rein gauche, Le rein gauche"
"FR100903","c49","Classe 3","(SNdef,1)-(Pro,1)","BODYPART -> Non annoté","Le rein gauche, ils"
"FR100903","c54","Classe 1","(SNdef,1)-(SNind,1)","BODYPART -> BODYPART","la vessie, la vessie"
"FR100903","c62","Classe 3","(SNdef,1)-(Pro,1)-(SNdef,1)","BODYPART -> Non annoté -> BODYPART","des deux diaphragmes, ceux-ci, des deux diaphragmes"
"FR100903","c68","Classe 1","(SNind,1)-(Pro,1)","EVENT -> Non annoté","IRM, qui"
"FR100903","c70","Classe 1","(SNind,1)-(SNdef,1)","EVENT -> EVENT","syndrome, syndrome"
"FR100903","c77","Classe 1","(SNind,2)","EVENT -> EVENT","hydrops, hydrops"
"FR100903","c113","Classe 1","(SNind,1)-(Pro,1)","EVENT -> Non annoté","accouchement, qui"
"FR100903","c115","Classe 1","(SNind,1)-(SNdef,1)","ACTOR (PATIENT) -> ACTOR (PATIENT)","Le nouveau-né, Le nouveau-né"
"FR100919","c3","Classe 1","(SNind,1)-(Pro,2)-(SNdef,1)","ACTOR (PATIENT) -> Non annoté -> Non annoté -> ACTOR (PATIENT)","La patiente, qui, dont, La patiente"
"FR100919","c2","Classe 2","(SNdef,1)-(SNdem,1)","EVENT -> EVENT","cas, cas"
"FR100919","c4","Classe 1","(SNdem,1)-(SNdef,1)","EVENT -> EVENT","signes, signes"
"FR100919","c9","Classe 2","(SN∅,2)","CLINENTITY -> CLINENTITY","carence en vitamine B12, carence en vitamine B12"
"FR100919","c8","Classe 3","(SN∅,1)-(SNdef,2)-(Poss,1)","EVENT -> CLINENTITY -> EVENT -> Non annoté","carence, avitaminose, déficience, son"
"FR100919","c24","Classe 3","(SNdef,1)-(Pro,1)","EVENT -> Non annoté","rôle, que"
"FR100921","c4","Classe 1","(SNind,1)-(SNdef,1)","EVENT -> EVENT","douleur, douleur"
"FR100921","c9","Classe 2","(SNind,1)-(Np,1)-(Pro,1)","EVENT -> EVENT -> Non annoté","imagerie, IRM, qui"
"FR100921","c10","Classe 1","(SNind,1)-(SNdef,1)","EVENT/CLINENTITY -> CLINENTITY","masse, tumeur"
"FR100921","c13","Classe 1","(SNind,1)-(SNdem,1)","EVENT -> EVENT","exérèse, exérèse"
"FR100925","c1","Classe 2","(SN∅,1)-(SNdef,1)","ACTOR (PATIENT) -> ACTOR (PATIENT)","La patiente, La patiente"
"FR100925","c7","Classe 2","(SN∅,1)-(SNdef,1)","EVENT -> EVENT","ictère, ictère"
"FR100925","c10","Classe 3","(SNdef,2)","RML -> RML","23 la normale, 23 la normale"
"FR100925","c21","Classe 2","(SN∅,2)","CLINENTITY -> CLINENTITY","infection à EBV, infection à EBV"
"FR100925","c30","Classe 1","(SNind,2)","EVENT -> EVENT/CLINENTITY","hépatite, HAI"
"FR100930","c1","Classe 3","(Pro,1)-(Poss,2)","ACTOR (H-PROFESSIONAL) -> ACTOR (PATIENT) -> ACTOR (PATIENT)","Nous, Notre patient, Notre patient"
"FR100930","c3","Classe 1","(SNind,1)-(SNposs,1)","ACTOR (PATIENT) -> ACTOR (PATIENT)","un enfant de 12 ans, Notre patient"
"FR100932","c3","Classe 1","(SNind,1)-(Pro,3)-(SNdef,1)","ACTOR (PATIENT) -> Non annoté -> ACTOR (PATIENT) -> ACTOR (PATIENT) -> ACTOR (PATIENT)","la patiente, qui, Elle, Elle, la patiente"
"FR100932","c6","Classe 1","(SNind,2)","EVENT/CLINENTITY -> EVENT/CLINENTITY","pott, pott"
"FR100932","c7","Classe 2","(SN∅,1)-(SNdef,1)","EVENT -> EVENT","TDM, tomodensitométrie"
"FR100932","c8","Classe 3","(SNdef,3)","BODYPART -> BODYPART -> BODYPART","du rachis, du rachis, du rachis"
"FR100932","c9","Classe 3","(SN∅,1)-(SNdef,2)","EVENT -> EVENT -> EVENT","traitement, traitement, traitement"
"FR100932","c12","Classe 2","(SN∅,1)-(SNdef,1)","EVENT -> EVENT","compression, compression"
"FR100932","c15","Classe 2","(SNind,1)-(SN∅,1)","EVENT -> EVENT","imagerie, IRM"
"FR100932","c17","Classe 2","(SN∅,1)-(SNdef,1)-(SNind,1)","EVENT/CLINENTITY -> EVENT/CLINENTITY -> EVENT/CLINENTITY","abcès, abcès, abcès"
"FR100944","c3","Classe 1","(SNind,1)-(Pro,1)-(SNdef,1)","ACTOR (PATIENT) -> Non annoté -> ACTOR (PATIENT)","un jeune homme de 26 ans, qui, Le patient"
"FR100944","c11","Classe 2","(SNdef,1)-(Np,1)","EVENT -> Non annoté","échocardiographique, ETT"
"FR100944","c13","Classe 2","(SNdef,1)-(SNdem,1)","EVENT -> EVENT","végétations, complication"
"FR100946","c1","Classe 1","(Pro,1)-(SNind,2)-(SNdef,1)-(Pro,1)","Non annoté -> ACTOR (PATIENT) -> ACTOR (PATIENT) -> ACTOR (PATIENT) -> ACTOR (PATIENT)","qui, La patiente, La patiente, La patiente, Elle"
"FR100946","c7","Classe 2","(SN∅,1)-(SNdef,1)","EVENT -> EVENT","crises, crises"
"FR100946","c27","Classe 1","(SNind,1)-(Pro,1)","EVENT -> ACTOR (PATIENT)","lésion, Elle"
"FR100946","c47","Classe 3","(SNind,1)-(SNdef,1)-(Pro,2)","EVENT -> EVENT -> Non annoté -> Non annoté","tuberculome, tuberculome, Il, Il"
"FR100946","c56","Classe 3","(SNdef,1)-(Pro,1)","EVENT -> Non annoté","polymorphisme, qu'"
"FR100959","c2","Classe 3","(SN∅,1)-(SNdef,3)","EVENT -> EVENT -> EVENT -> EVENT","fistule, orifice, orifice, fistule"
"FR100959","c4","Classe 1","(SNind,2)-(SNdef,1)","EVENT -> EVENT -> EVENT","corps, corps, corps"
"FR100959","c3","Classe 3","(SNdef,2)","EVENT -> EVENT","ingestion, ingestion"
"FR100959","c5","Classe 3","(Pro,1)-(Poss,1)","ACTOR (H-PROFESSIONAL) -> Non annoté","nous, notre"
"FR100959","c18","Classe 2","(SNdef,1)-(SN∅,1)","EVENT -> EVENT","Transit, TOGD"
"FR100959","c23","Classe 1","(SNdef,1)-(SNind,1)","EVENT -> EVENT","traitement, alternative"
"FR100960","c3","Classe 1","(SNind,1)-(Pro,1)-(Poss,1)","ACTOR (PATIENT) -> Non annoté -> Non annoté","un patient de 56 ans, qui, sa"
"FR100960","c12","Classe 2","(SN∅,1)-(SNind,1)","CLINENTITY -> CLINENTITY","pseudo myxome péritonéal, pseudo myxome péritonéal"
"FR100960","c11","Classe 1","(SNind,1)-(SNdef,1)","EVENT -> EVENT","récidive, récidive"
"FR100960","c13","Classe 2","(SN∅,1)-(SNdef,1)","EVENT -> EVENT","lésions, lésions"
"FR100971","c1","Classe 3","(Pro,2)","ACTOR (H-PROFESSIONAL) -> ACTOR (H-PROFESSIONAL)","Nous, Nous"
"FR100971","c3","Classe 3","(SNind,1)-(Pro,1)-(SNind,1)-(Pro,1)","EVENT -> Non annoté -> EVENT -> Non annoté","rupture, C', urgence, dont"
"FR100971","c7","Classe 2","(SN∅,1)-(SNdef,1)","EVENT -> EVENT","prise, prise"
"FR100979","c4","Classe 3","(SNdef,2)","BODYPART -> BODYPART","du tronc cérébral, du tronc cérébral"
"FR100979","c3","Classe 1","(SNind,2)","EVENT -> EVENT","accident, accident"
"FR100979","c5","Classe 1","(SNind,1)-(Poss,1)","ACTOR (PATIENT) -> Non annoté","une patiente de 21 ans, son"
"FR100979","c15","Classe 1","(SNdef,1)-(SNind,1)","EVENT -> EVENT","hémorragie, complication"
"FR100986","c1","Classe 3","(Pro,1)-(Poss,1)","ACTOR (H-PROFESSIONAL) -> Non annoté","Nous, Notre"
"FR100986","c2","Classe 1","(SNdef,1)-(SNposs,1)","Non annoté -> EVENT","cas, observation"
"FR100986","c14","Classe 2","(SNind,1)-(Np,1)","EVENT -> EVENT","prothèse, PTH"
"FR100994","c4","Classe 1","(SNind,2)-(SNdef,1)","ACTOR (PATIENT) -> ACTOR (PATIENT) -> ACTOR (PATIENT)","un homme, un homme, le patient"
"FR100994","c6","Classe 3","(SNdef,2)","CLINENTITY -> CLINENTITY","cancer du rectum, cancer du rectum"
"FR100994","c5","Classe 1","(SNind,3)","EVENT -> EVENT -> EVENT","cancer, cancer, cancer"
"FR100994","c7","Classe 1","(SNind,2)","EVENT -> EVENT","métastase, processus"
"FR100994","c3","Classe 1","(SNind,1)-(SNposs,1)-(SNdem,1)","EVENT -> EVENT -> EVENT","observation, observation, observation"
"FR100994","c2","Classe 1","(SNdef,1)-(SNind,1)-(Pro,1)","EVENT -> EVENT -> Non annoté","cas, cas, qui"
"FR100994","c16","Classe 1","(SNind,2)","EVENT -> EVENT","métastase, métastase"
"FR100996","c3","Classe 2","(SN∅,2)","EVENT -> EVENT","hernie, hernie"
"FR100996","c4","Classe 1","(SNind,1)-(Pro,2)-(SNind,1)","ACTOR (PATIENT) -> Non annoté -> ACTOR (PATIENT) -> ACTOR (PATIENT)","une femme de 86 ans, dont, Elle, une patiente fébrile"
"FR100996","c7","Classe 3","(SNdef,2)","EVENT -> EVENT","tomodensitométrie, tomodensitométrie"
"FR100996","c10","Classe 3","(SNdef,3)","CLINENTITY -> CLINENTITY -> CLINENTITY","douleurs de la fosse iliaque, douleurs de la fosse iliaque, douleurs de la fosse iliaque"
"FR100996","c20","Classe 1","(SNind,1)-(Pro,1)","EVENT -> Non annoté","sac, Il"
"FR100996","c21","Classe 1","(SNind,1)-(SNdef,1)","EVENT -> EVENT","collet, collet"
"FR100996","c24","Classe 1","(SNind,1)-(SNdef,1)","EVENT -> EVENT","anse, anse"
"FR100998","c5","Classe 2","(Np,1)-(SNdef,1)-(SNdem,1)","EVENT/CLINENTITY -> EVENT -> EVENT","VUH, vascularite, atteinte"
"FR100998","c3","Classe 1","(SNind,1)-(SNdef,1)-(Pro,1)-(SNdef,1)","ACTOR (PATIENT) -> ACTOR (PATIENT) -> ACTOR (PATIENT) -> ACTOR (PATIENT)","La patiente, La patiente, elle, La patiente"
"FR101000","c3","Classe 3","(SNdef,2)","BODYPART -> BODYPART","des voies biliaires, des voies biliaires"
"FR101000","c5","Classe 3","(SNdef,2)-(Pro,1)-(Poss,1)","EVENT -> Non annoté -> Non annoté -> Non annoté","bili-IRM, l' examen de choix, Elle, Son"
"FR101000","c10","Classe 3","(SNdef,1)-(Pro,1)","EVENT -> Non annoté","échographie, cette dernière"
"FR101000","c11","Classe 1","(SNind,1)-(SNdef,1)","EVENT -> EVENT","obstruction, obstructions"