id_CR,doc,mention_id,Longueur,nature_premier,FS_premier,M1,M2,M3,M4,M5,M6,M7,M8,M9,M10,M11,M12,M13,M14,M15,M16,M17,M18
FR100003_c3,FR100003,c3,3,SNind,autre,SNind,Pro,SNind,,,,,,,,,,,,,,,
FR100003_c34,FR100003,c34,3,SN∅,autre,SN∅,SNind,SNdef,,,,,,,,,,,,,,,
FR100003_c37,FR100003,c37,2,SNdef,Obl,SNdef,SNdef,,,,,,,,,,,,,,,,
FR100003_c33,FR100003,c33,3,SNind,OD,SNind,SNdef,SNdef,,,,,,,,,,,,,,,
FR100003_c42,FR100003,c42,2,SNdef,autre,SNdef,SN∅,,,,,,,,,,,,,,,,
FR100003_c48,FR100003,c48,2,SNind,autre,SNind,SNnum,,,,,,,,,,,,,,,,
FR100003_c56,FR100003,c56,2,SNind,Suj,SNind,SNdef,,,,,,,,,,,,,,,,
FR100003_c58,FR100003,c58,2,SNdef,Obl,SNdef,SNdef,,,,,,,,,,,,,,,,
FR100078_c1,FR100078,c1,4,SN∅,Suj,SN∅,SNdef,Pro,SNdef,,,,,,,,,,,,,,
FR100078_c2,FR100078,c2,2,SNdef,autre,SNdef,SNdef,,,,,,,,,,,,,,,,
FR100078_c13,FR100078,c13,2,SN∅,Obl,SN∅,SNdef,,,,,,,,,,,,,,,,
FR100078_c19,FR100078,c19,2,SNdef,autre,SNdef,SNdef,,,,,,,,,,,,,,,,
FR100078_c18,FR100078,c18,6,SNdef,OD,SNdef,SNdef,SNdef,SNdef,SN∅,SNdef,,,,,,,,,,,,
FR100078_c20,FR100078,c20,2,SNdef,OD,SNdef,SNdem,,,,,,,,,,,,,,,,
FR100078_c23,FR100078,c23,2,SNdef,Suj,SNdef,SNdef,,,,,,,,,,,,,,,,
FR100078_c53,FR100078,c53,2,SN∅,autre,SN∅,SNdem,,,,,,,,,,,,,,,,
FR100092_c1,FR100092,c1,3,Np,Obl,Np,SNdef,SNdef,,,,,,,,,,,,,,,
FR100092_c27,FR100092,c27,2,SNind,autre,SNind,SNdef,,,,,,,,,,,,,,,,
FR100092_c33,FR100092,c33,2,SNind,Obl,SNind,Pro,,,,,,,,,,,,,,,,
FR100092_c36,FR100092,c36,2,SNind,autre,SNind,SNdef,,,,,,,,,,,,,,,,
FR100092_c42,FR100092,c42,2,SN∅,autre,SN∅,SN∅,,,,,,,,,,,,,,,,
FR100092_c54,FR100092,c54,2,SNdef,autre,SNdef,SNdef,,,,,,,,,,,,,,,,
FR100120_c1,FR100120,c1,5,SNind,Obl,SNind,Poss,SNdem,Pro,Poss,,,,,,,,,,,,,
FR100120_c4,FR100120,c4,2,SN∅,autre,SN∅,SN∅,,,,,,,,,,,,,,,,
FR100120_c8,FR100120,c8,3,SNind,OD,SNind,SN∅,SNposs,,,,,,,,,,,,,,,
FR100120_c21,FR100120,c21,5,SNnum,Obl,SNnum,SNnum,SNdef,SNind,SNdef,,,,,,,,,,,,,
FR100120_c26,FR100120,c26,2,SNdef,Suj,SNdef,SNdef,,,,,,,,,,,,,,,,
FR100120_c28,FR100120,c28,2,SNind,Obl,SNind,SNind,,,,,,,,,,,,,,,,
FR100120_c29,FR100120,c29,2,SNdef,OD,SNdef,SN∅,,,,,,,,,,,,,,,,
FR100120_c47,FR100120,c47,3,SNind,Obl,SNind,SN∅,SNdef,,,,,,,,,,,,,,,
FR100120_c51,FR100120,c51,5,SNdef,Suj,SNdef,SNdem,Pro,SNdef,SNdef,,,,,,,,,,,,,
FR100130_c7,FR100130,c7,2,SNdef,autre,SNdef,SNdef,,,,,,,,,,,,,,,,
FR100130_c1,FR100130,c1,7,SNind,Obl,SNind,Pro,Pro,SNposs,SNdef,SNdef,SNdef,,,,,,,,,,,
FR100130_c17,FR100130,c17,2,Pro,Suj,Pro,Pro,,,,,,,,,,,,,,,,
FR100130_c20,FR100130,c20,2,SNdef,autre,SNdef,SNdef,,,,,,,,,,,,,,,,
FR100130_c19,FR100130,c19,5,SNind,Obl,SNind,SNdem,SNdef,SNdef,SNdef,,,,,,,,,,,,,
FR100130_c23,FR100130,c23,2,SNdef,Obl,SNdef,SNdef,,,,,,,,,,,,,,,,
FR100130_c33,FR100130,c33,2,SNdef,Suj,SNdef,SN∅,,,,,,,,,,,,,,,,
FR100130_c34,FR100130,c34,2,SNdef,autre,SNdef,SN∅,,,,,,,,,,,,,,,,
FR100130_c38,FR100130,c38,2,SNdef,autre,SNdef,SNind,,,,,,,,,,,,,,,,
FR100130_c39,FR100130,c39,3,SNdef,Suj,SNdef,SN∅,SNdem,,,,,,,,,,,,,,,
FR100130_c40,FR100130,c40,2,SNdef,Suj,SNdef,SNdef,,,,,,,,,,,,,,,,
FR100130_c41,FR100130,c41,2,SNdef,Obl,SNdef,Pro,,,,,,,,,,,,,,,,
FR100130_c53,FR100130,c53,2,SNdef,autre,SNdef,Pro,,,,,,,,,,,,,,,,
FR100130_c64,FR100130,c64,2,SNdef,Suj,SNdef,Np,,,,,,,,,,,,,,,,
FR100130_c67,FR100130,c67,2,SN∅,Obl,SN∅,SNdef,,,,,,,,,,,,,,,,
FR100130_c74,FR100130,c74,2,SNdef,autre,SNdef,SNdef,,,,,,,,,,,,,,,,
FR100130_c73,FR100130,c73,2,SNind,OD,SNind,SNdef,,,,,,,,,,,,,,,,
FR100130_c80,FR100130,c80,2,SNind,Obl,SNind,SNdef,,,,,,,,,,,,,,,,
FR100130_c78,FR100130,c78,2,SNind,autre,SNind,SNdef,,,,,,,,,,,,,,,,
FR100130_c105,FR100130,c105,2,SNnum,Obl,SNnum,SNnum,,,,,,,,,,,,,,,,
FR100132_c1,FR100132,c1,10,Poss,autre,Poss,SNind,SNdef,Pro,Poss,SNdef,SNdef,SNdef,Poss,Pro,,,,,,,,
FR100132_c4,FR100132,c4,4,SNdef,Obl,SNdef,SNdef,SNdef,SNdef,,,,,,,,,,,,,,
FR100132_c8,FR100132,c8,2,SNind,Suj,SNind,Pro,,,,,,,,,,,,,,,,
FR100132_c11,FR100132,c11,2,SNdef,autre,SNdef,SNdef,,,,,,,,,,,,,,,,
FR100132_c10,FR100132,c10,2,SNind,autre,SNind,SNind,,,,,,,,,,,,,,,,
FR100132_c26,FR100132,c26,2,SNdef,Obl,SNdef,SNdef,,,,,,,,,,,,,,,,
FR100132_c30,FR100132,c30,3,SNdef,Suj,SNdef,SNdef,Poss,,,,,,,,,,,,,,,
FR100132_c45,FR100132,c45,3,SN∅,Obl,SN∅,SN∅,Pro,,,,,,,,,,,,,,,
FR100132_c49,FR100132,c49,2,SNdef,autre,SNdef,SNdef,,,,,,,,,,,,,,,,
FR100142_c5,FR100142,c5,4,SNnum,OD,SNnum,SNdem,SNdef,SNdef,,,,,,,,,,,,,,
FR100142_c9,FR100142,c9,3,SNdef,autre,SNdef,SNdef,SNdef,,,,,,,,,,,,,,,
FR100142_c1,FR100142,c1,4,Np,Suj,Np,SNdef,Pro,SNdef,,,,,,,,,,,,,,
FR100142_c39,FR100142,c39,2,SNdef,autre,SNdef,SNdef,,,,,,,,,,,,,,,,
FR100142_c38,FR100142,c38,2,SNind,Obl,SNind,SNdef,,,,,,,,,,,,,,,,
FR100142_c50,FR100142,c50,2,SNdef,Obl,SNdef,SNdef,,,,,,,,,,,,,,,,
FR100142_c63,FR100142,c63,2,SNdef,Suj,SNdef,SNdef,,,,,,,,,,,,,,,,
FR100142_c77,FR100142,c77,3,SNdef,autre,SNdef,SNdef,SNdef,,,,,,,,,,,,,,,
FR100142_c76,FR100142,c76,3,SNdef,Suj,SNdef,SNdef,SNdef,,,,,,,,,,,,,,,
FR100142_c102,FR100142,c102,2,Np,autre,Np,Np,,,,,,,,,,,,,,,,
FR100142_c104,FR100142,c104,2,Np,autre,Np,Np,,,,,,,,,,,,,,,,
FR100161_c1,FR100161,c1,3,SNind,Suj,SNind,Poss,SNdef,,,,,,,,,,,,,,,
FR100161_c9,FR100161,c9,2,SN∅,autre,SN∅,SN∅,,,,,,,,,,,,,,,,
FR100161_c8,FR100161,c8,2,SN∅,autre,SN∅,SNdef,,,,,,,,,,,,,,,,
FR100161_c23,FR100161,c23,2,SNind,autre,SNind,SNdef,,,,,,,,,,,,,,,,
FR100161_c31,FR100161,c31,3,SNdef,autre,SNdef,SN∅,SNdef,,,,,,,,,,,,,,,
FR100161_c45,FR100161,c45,5,SNind,autre,SNind,SNdef,Pro,SNdef,SNdef,,,,,,,,,,,,,
FR100161_c66,FR100161,c66,2,SNdef,autre,SNdef,SNdef,,,,,,,,,,,,,,,,
FR100168_c1,FR100168,c1,9,SNind,Obl,SNind,SNdef,SNposs,SNdef,SNdef,SNdef,SNdef,SNdef,Poss,,,,,,,,,
FR100168_c14,FR100168,c14,2,SNind,Suj,SNind,SNdef,,,,,,,,,,,,,,,,
FR100168_c20,FR100168,c20,2,SNdef,autre,SNdef,SNdef,,,,,,,,,,,,,,,,
FR100168_c29,FR100168,c29,3,SNdef,OD,SNdef,SNdef,SNdef,,,,,,,,,,,,,,,
FR100168_c27,FR100168,c27,5,SNind,Obl,SNind,SNdem,SNdef,SNdef,SNdef,,,,,,,,,,,,,
FR100168_c34,FR100168,c34,2,SNposs,autre,SNposs,Poss,,,,,,,,,,,,,,,,
FR100168_c54,FR100168,c54,2,SNind,Suj,SNind,SN∅,,,,,,,,,,,,,,,,
FR100168_c86,FR100168,c86,2,SN∅,autre,SN∅,SNdef,,,,,,,,,,,,,,,,
FR100168_c85,FR100168,c85,2,SNind,OD,SNind,SNdem,,,,,,,,,,,,,,,,
FR100168_c94,FR100168,c94,2,SNdem,Suj,SNdem,Pro,,,,,,,,,,,,,,,,
FR100185_c4,FR100185,c4,2,SNind,Obl,SNind,Pro,,,,,,,,,,,,,,,,
FR100185_c1,FR100185,c1,3,Pro,Suj,Pro,SNind,Pro,,,,,,,,,,,,,,,
FR100185_c14,FR100185,c14,3,SNdef,autre,SNdef,SNdef,SNdef,,,,,,,,,,,,,,,
FR100185_c31,FR100185,c31,2,SNdef,autre,SNdef,SNdef,,,,,,,,,,,,,,,,
FR100185_c30,FR100185,c30,2,SNdef,Suj,SNdef,SN∅,,,,,,,,,,,,,,,,
FR100227_c3,FR100227,c3,2,SNind,autre,SNind,SNdef,,,,,,,,,,,,,,,,
FR100227_c11,FR100227,c11,2,SNind,OD,SNind,SNdef,,,,,,,,,,,,,,,,
FR100227_c14,FR100227,c14,2,SNdef,autre,SNdef,SNdef,,,,,,,,,,,,,,,,
FR100227_c15,FR100227,c15,2,SNdef,autre,SNdef,SNdef,,,,,,,,,,,,,,,,
FR100227_c16,FR100227,c16,2,SNdef,autre,SNdef,SNdef,,,,,,,,,,,,,,,,
FR100255_c1,FR100255,c1,5,Np,Suj,Np,SNdef,Poss,SNdef,SNdef,,,,,,,,,,,,,
FR100255_c5,FR100255,c5,2,SN∅,Obl,SN∅,SNdef,,,,,,,,,,,,,,,,
FR100255_c7,FR100255,c7,2,SNnum,autre,SNnum,SNnum,,,,,,,,,,,,,,,,
FR100255_c6,FR100255,c6,2,SNind,Obl,SNind,SNind,,,,,,,,,,,,,,,,
FR100255_c8,FR100255,c8,2,SN∅,autre,SN∅,SN∅,,,,,,,,,,,,,,,,
FR100255_c10,FR100255,c10,2,SNdef,autre,SNdef,SNposs,,,,,,,,,,,,,,,,
FR100255_c13,FR100255,c13,2,SNind,autre,SNind,SNdef,,,,,,,,,,,,,,,,
FR100255_c22,FR100255,c22,3,SNind,autre,SNind,SNind,SNdef,,,,,,,,,,,,,,,
FR100255_c54,FR100255,c54,3,SNind,OD,SNind,SNind,SNdef,,,,,,,,,,,,,,,
FR100275_c1,FR100275,c1,18,SNind,Suj,SNind,Poss,SNdef,Poss,SNdef,Pro,SNdef,SNdef,Pro,SNdef,Poss,Poss,SNdef,SNdef,SNdef,Pro,SNdef,SNdef
FR100275_c3,FR100275,c3,3,SNposs,Obl,SNposs,SNposs,SNdef,,,,,,,,,,,,,,,
FR100275_c8,FR100275,c8,2,SNdef,autre,SNdef,SNdef,,,,,,,,,,,,,,,,
FR100275_c11,FR100275,c11,2,SNdef,autre,SNdef,Pro,,,,,,,,,,,,,,,,
FR100275_c33,FR100275,c33,6,SNind,Obl,SNind,SNdef,SNdef,SNdef,SNdef,SNdef,,,,,,,,,,,,
FR100275_c36,FR100275,c36,2,SNdef,Obl,SNdef,SN∅,,,,,,,,,,,,,,,,
FR100275_c37,FR100275,c37,2,SN∅,Obl,SN∅,SNposs,,,,,,,,,,,,,,,,
FR100275_c38,FR100275,c38,2,Np,autre,Np,Np,,,,,,,,,,,,,,,,
FR100275_c60,FR100275,c60,2,SN∅,autre,SN∅,SNdef,,,,,,,,,,,,,,,,
FR100275_c66,FR100275,c66,3,SN∅,OD,SN∅,SN∅,SN∅,,,,,,,,,,,,,,,
FR100275_c70,FR100275,c70,2,SNdef,Suj,SNdef,SNdef,,,,,,,,,,,,,,,,
FR100275_c75,FR100275,c75,2,SN∅,autre,SN∅,SN∅,,,,,,,,,,,,,,,,
FR100275_c86,FR100275,c86,2,SNind,autre,SNind,SNind,,,,,,,,,,,,,,,,
FR100275_c96,FR100275,c96,4,SN∅,Obl,SN∅,SN∅,SN∅,SN∅,,,,,,,,,,,,,,
FR100275_c101,FR100275,c101,2,SNdef,autre,SNdef,SNdef,,,,,,,,,,,,,,,,
FR100275_c102,FR100275,c102,2,SNdef,autre,SNdef,SNdef,,,,,,,,,,,,,,,,
FR100275_c99,FR100275,c99,3,SNind,Obl,SNind,SNdef,SNdef,,,,,,,,,,,,,,,
FR100275_c98,FR100275,c98,3,SNind,OD,SNind,Pro,SNdef,,,,,,,,,,,,,,,
FR100275_c104,FR100275,c104,3,SNdef,Suj,SNdef,Pro,Pro,,,,,,,,,,,,,,,
FR100275_c106,FR100275,c106,4,SNdef,Suj,SNdef,Pro,Pro,Pro,,,,,,,,,,,,,,
FR100276_c1,FR100276,c1,4,Np,Suj,Np,Pro,SNdef,SNdef,,,,,,,,,,,,,,
FR100276_c3,FR100276,c3,3,SNind,OD,SNind,Pro,SNdef,,,,,,,,,,,,,,,
FR100276_c4,FR100276,c4,6,SNind,OD,SNind,Pro,SNdem,SNdef,SNdef,SNdef,,,,,,,,,,,,
FR100276_c14,FR100276,c14,2,SNind,autre,SNind,SNdef,,,,,,,,,,,,,,,,
FR100276_c16,FR100276,c16,2,SN∅,autre,SN∅,Pro,,,,,,,,,,,,,,,,
FR100276_c20,FR100276,c20,2,SNdef,autre,SNdef,SNdem,,,,,,,,,,,,,,,,
FR100276_c26,FR100276,c26,4,SN∅,autre,SN∅,SNdef,SNdef,SN∅,,,,,,,,,,,,,,
FR100276_c27,FR100276,c27,2,SNdef,OD,SNdef,SNdef,,,,,,,,,,,,,,,,
FR100276_c36,FR100276,c36,2,SNdef,Suj,SNdef,SNdef,,,,,,,,,,,,,,,,
FR100276_c39,FR100276,c39,2,SNind,autre,SNind,Pro,,,,,,,,,,,,,,,,
FR100282_c1,FR100282,c1,10,SN∅,Suj,SN∅,SNdef,Pro,Poss,Pro,Poss,Poss,Poss,Pro,Poss,,,,,,,,
FR100282_c3,FR100282,c3,6,SNdef,Obl,SNdef,Pro,SNposs,SNdef,Pro,Sujet_zero,,,,,,,,,,,,
FR100282_c15,FR100282,c15,2,SNdef,Obl,SNdef,SN∅,,,,,,,,,,,,,,,,
FR100282_c14,FR100282,c14,2,SNind,Obl,SNind,SNdef,,,,,,,,,,,,,,,,
FR100282_c20,FR100282,c20,2,SNind,Suj,SNind,SN∅,,,,,,,,,,,,,,,,
FR100282_c30,FR100282,c30,2,SNind,Suj,SNind,SNind,,,,,,,,,,,,,,,,
FR100282_c36,FR100282,c36,3,Pro,Suj,Pro,Pro,Pro,,,,,,,,,,,,,,,
FR100282_c49,FR100282,c49,2,Poss,autre,Poss,SNind,,,,,,,,,,,,,,,,
FR100283_c1,FR100283,c1,2,SNind,autre,SNind,Pro,,,,,,,,,,,,,,,,
FR100296_c5,FR100296,c5,3,SNdef,Obl,SNdef,SN∅,SN∅,,,,,,,,,,,,,,,
FR100296_c4,FR100296,c4,3,SNind,OD,SNind,SNind,SNdef,,,,,,,,,,,,,,,
FR100296_c1,FR100296,c1,5,SNind,Obl,SNind,SNdef,SNdef,SNdef,SNdef,,,,,,,,,,,,,
FR100296_c17,FR100296,c17,2,SNdef,autre,SNdef,SNdef,,,,,,,,,,,,,,,,
FR100296_c18,FR100296,c18,2,SNdef,Suj,SNdef,SNdef,,,,,,,,,,,,,,,,
FR100296_c25,FR100296,c25,2,SN∅,autre,SN∅,SNdef,,,,,,,,,,,,,,,,
FR100296_c22,FR100296,c22,2,SNdef,autre,SNdef,SNdef,,,,,,,,,,,,,,,,
FR100296_c29,FR100296,c29,2,SNind,Suj,SNind,SNdef,,,,,,,,,,,,,,,,
FR100296_c49,FR100296,c49,2,SNdef,autre,SNdef,SNind,,,,,,,,,,,,,,,,
FR100296_c57,FR100296,c57,2,SNdef,Suj,SNdef,SNdem,,,,,,,,,,,,,,,,
FR100296_c58,FR100296,c58,2,SNdef,Obl,SNdef,SNdef,,,,,,,,,,,,,,,,
FR100296_c59,FR100296,c59,2,SNdef,Suj,SNdef,Sujet_zero,,,,,,,,,,,,,,,,
FR100314_c1,FR100314,c1,4,SN∅,autre,SN∅,Poss,SNdef,SNdef,,,,,,,,,,,,,,
FR100314_c6,FR100314,c6,2,SNind,autre,SNind,SN∅,,,,,,,,,,,,,,,,
FR100314_c22,FR100314,c22,2,SN∅,autre,SN∅,SNdef,,,,,,,,,,,,,,,,
FR100344_c1,FR100344,c1,6,Np,Obl,Np,SNdef,SNdef,SNdef,SNdef,Pro,,,,,,,,,,,,
FR100344_c13,FR100344,c13,2,SN∅,autre,SN∅,SN∅,,,,,,,,,,,,,,,,
FR100344_c16,FR100344,c16,3,SNind,OD,SNind,SNdef,SNdef,,,,,,,,,,,,,,,
FR100344_c20,FR100344,c20,3,SN∅,autre,SN∅,Autre,SN∅,,,,,,,,,,,,,,,
FR100344_c21,FR100344,c21,2,SNnum,autre,SNnum,SN∅,,,,,,,,,,,,,,,,
FR100344_c23,FR100344,c23,2,Autre,autre,Autre,SNnum,,,,,,,,,,,,,,,,
FR100344_c25,FR100344,c25,2,SN∅,autre,SN∅,SNnum,,,,,,,,,,,,,,,,
FR100344_c32,FR100344,c32,3,SNdef,Suj,SNdef,SNnum,SNdef,,,,,,,,,,,,,,,
FR100344_c34,FR100344,c34,2,SNnum,Obl,SNnum,Pro,,,,,,,,,,,,,,,,
FR100344_c35,FR100344,c35,2,SNind,OD,SNind,Pro,,,,,,,,,,,,,,,,
FR100344_c48,FR100344,c48,3,SNnum,autre,SNnum,SNdef,SNnum,,,,,,,,,,,,,,,
FR100344_c49,FR100344,c49,2,SNnum,autre,SNnum,SNdef,,,,,,,,,,,,,,,,
FR100344_c55,FR100344,c55,2,SNdef,Suj,SNdef,SNdef,,,,,,,,,,,,,,,,
FR100344_c64,FR100344,c64,2,SNdef,autre,SNdef,Np,,,,,,,,,,,,,,,,
FR100344_c66,FR100344,c66,3,SNdef,autre,SNdef,Np,Pro,,,,,,,,,,,,,,,
FR100344_c77,FR100344,c77,3,SN∅,autre,SN∅,SN∅,SN∅,,,,,,,,,,,,,,,
FR100346_c5,FR100346,c5,2,SNind,Obl,SNind,SNind,,,,,,,,,,,,,,,,
FR100346_c1,FR100346,c1,2,Np,Suj,Np,Pro,,,,,,,,,,,,,,,,
FR100346_c10,FR100346,c10,2,SN∅,Obl,SN∅,SNind,,,,,,,,,,,,,,,,
FR100346_c37,FR100346,c37,3,SNind,autre,SNind,Np,SNdef,,,,,,,,,,,,,,,
FR100346_c54,FR100346,c54,2,SNind,OD,SNind,SN∅,,,,,,,,,,,,,,,,
FR100346_c57,FR100346,c57,2,Poss,autre,Poss,SNind,,,,,,,,,,,,,,,,
FR100360_c6,FR100360,c6,2,SNdef,autre,SNdef,SNdef,,,,,,,,,,,,,,,,
FR100360_c5,FR100360,c5,2,SNind,Obl,SNind,SNind,,,,,,,,,,,,,,,,
FR100360_c1,FR100360,c1,8,SNind,Obl,SNind,SNdef,SNdef,SNdef,SNdef,SNdef,SNdef,Poss,,,,,,,,,,
FR100360_c13,FR100360,c13,2,SN∅,autre,SN∅,SNdef,,,,,,,,,,,,,,,,
FR100360_c23,FR100360,c23,3,SNind,Suj,SNind,SNdef,SNdef,,,,,,,,,,,,,,,
FR100360_c31,FR100360,c31,2,SNdef,Obl,SNdef,SNdef,,,,,,,,,,,,,,,,
FR100360_c46,FR100360,c46,2,SNind,Obl,SNind,Pro,,,,,,,,,,,,,,,,
FR100360_c48,FR100360,c48,2,SNind,autre,SNind,SNposs,,,,,,,,,,,,,,,,
FR100361_c1,FR100361,c1,9,Np,autre,Np,Pro,Poss,Pro,SNdef,SNdef,SNdef,SNdef,SNdef,,,,,,,,,
FR100361_c16,FR100361,c16,2,SN∅,autre,SN∅,SNind,,,,,,,,,,,,,,,,
FR100361_c17,FR100361,c17,2,Pro,Suj,Pro,Pro,,,,,,,,,,,,,,,,
FR100361_c24,FR100361,c24,2,SNind,autre,SNind,SNdef,,,,,,,,,,,,,,,,
FR100361_c27,FR100361,c27,2,SNind,Suj,SNind,SNdef,,,,,,,,,,,,,,,,
FR100361_c35,FR100361,c35,2,SNind,OD,SNind,Poss,,,,,,,,,,,,,,,,
FR100361_c37,FR100361,c37,2,SNind,OD,SNind,SN∅,,,,,,,,,,,,,,,,
FR100361_c50,FR100361,c50,2,SNdef,Suj,SNdef,SN∅,,,,,,,,,,,,,,,,
FR100361_c57,FR100361,c57,2,SNind,Obl,SNind,Np,,,,,,,,,,,,,,,,
FR100361_c69,FR100361,c69,2,SNdef,OD,SNdef,SN∅,,,,,,,,,,,,,,,,
FR100361_c70,FR100361,c70,2,SNdef,Suj,SNdef,SNdef,,,,,,,,,,,,,,,,
FR100361_c85,FR100361,c85,4,SNind,OD,SNind,Pro,Sujet_zero,Pro,,,,,,,,,,,,,,
FR100361_c89,FR100361,c89,2,SNdef,OD,SNdef,Pro,,,,,,,,,,,,,,,,
FR100361_c102,FR100361,c102,2,SNdef,Suj,SNdef,Pro,,,,,,,,,,,,,,,,
FR100361_c116,FR100361,c116,2,SNdef,autre,SNdef,SNdef,,,,,,,,,,,,,,,,
FR100361_c117,FR100361,c117,2,SN∅,Obl,SN∅,SNdef,,,,,,,,,,,,,,,,
FR100371_c1,FR100371,c1,11,SNind,Suj,SNind,SNdef,Poss,Pro,Poss,SNdef,Pro,Pro,SNdef,Poss,SNdef,,,,,,,
FR100371_c8,FR100371,c8,2,SNdef,OD,SNdef,SNposs,,,,,,,,,,,,,,,,
FR100371_c7,FR100371,c7,12,SNind,Obl,SNind,SNind,Pro,SNdef,SNdef,Poss,SNdef,SNdef,SNdef,SNdef,Poss,SNdef,,,,,,
FR100371_c11,FR100371,c11,2,SNdef,Suj,SNdef,SNdef,,,,,,,,,,,,,,,,
FR100371_c12,FR100371,c12,3,SN∅,Obl,SN∅,SNdef,SNdef,,,,,,,,,,,,,,,
FR100371_c27,FR100371,c27,4,SNind,Suj,SNind,SNdem,SNdef,SNdef,,,,,,,,,,,,,,
FR100371_c29,FR100371,c29,2,SNdef,Obl,SNdef,SNdef,,,,,,,,,,,,,,,,
FR100371_c34,FR100371,c34,2,SNind,OD,SNind,SNdef,,,,,,,,,,,,,,,,
FR100371_c38,FR100371,c38,2,SNdef,Suj,SNdef,SNdef,,,,,,,,,,,,,,,,
FR100371_c65,FR100371,c65,2,SNind,Obl,SNind,SNdef,,,,,,,,,,,,,,,,
FR100371_c71,FR100371,c71,2,SNdef,autre,SNdef,SNdef,,,,,,,,,,,,,,,,
FR100371_c77,FR100371,c77,2,SNind,Suj,SNind,SNposs,,,,,,,,,,,,,,,,
FR100371_c78,FR100371,c78,2,SNdef,Suj,SNdef,SNdem,,,,,,,,,,,,,,,,
FR100371_c94,FR100371,c94,2,SNdef,Suj,SNdef,SNnum,,,,,,,,,,,,,,,,
FR100400_c1,FR100400,c1,6,Np,Suj,Np,Poss,SNind,SNdef,SNdef,SNdef,,,,,,,,,,,,
FR100400_c11,FR100400,c11,3,SNdef,autre,SNdef,SNdef,SNdef,,,,,,,,,,,,,,,
FR100400_c10,FR100400,c10,2,SNdef,Obl,SNdef,SNdef,,,,,,,,,,,,,,,,
FR100400_c30,FR100400,c30,2,SN∅,autre,SN∅,SN∅,,,,,,,,,,,,,,,,
FR100400_c29,FR100400,c29,2,SN∅,autre,SN∅,SN∅,,,,,,,,,,,,,,,,
FR100400_c32,FR100400,c32,3,SNind,OD,SNind,SNind,SNdef,,,,,,,,,,,,,,,
FR100400_c34,FR100400,c34,4,SNdef,autre,SNdef,SNdef,SNdef,SNdef,,,,,,,,,,,,,,
FR100400_c37,FR100400,c37,3,SNdef,Suj,SNdef,SNind,SNind,,,,,,,,,,,,,,,
FR100400_c41,FR100400,c41,2,SN∅,autre,SN∅,SNdef,,,,,,,,,,,,,,,,
FR100400_c50,FR100400,c50,2,SNind,autre,SNind,SNdef,,,,,,,,,,,,,,,,
FR100439_c1,FR100439,c1,2,Np,Suj,Np,SNdef,,,,,,,,,,,,,,,,
FR100439_c12,FR100439,c12,2,SNdef,autre,SNdef,SNdef,,,,,,,,,,,,,,,,
FR100439_c11,FR100439,c11,9,SNind,OD,SNind,Pro,SNdem,Poss,SNdef,SNdef,SNdef,SNdef,SNdef,,,,,,,,,
FR100439_c18,FR100439,c18,2,SNdef,Suj,SNdef,SNdef,,,,,,,,,,,,,,,,
FR100439_c30,FR100439,c30,2,SNind,Obl,SNind,Pro,,,,,,,,,,,,,,,,
FR100439_c35,FR100439,c35,2,SNdef,autre,SNdef,SNdef,,,,,,,,,,,,,,,,
FR100439_c34,FR100439,c34,2,SNind,autre,SNind,SNdef,,,,,,,,,,,,,,,,
FR100439_c42,FR100439,c42,2,SNind,Suj,SNind,SNdem,,,,,,,,,,,,,,,,
FR100439_c47,FR100439,c47,3,SNind,autre,SNind,SNdem,SNdef,,,,,,,,,,,,,,,
FR100439_c65,FR100439,c65,2,SNind,autre,SNind,SNdef,,,,,,,,,,,,,,,,
FR100439_c68,FR100439,c68,3,SNind,Suj,SNind,Np,SNdem,,,,,,,,,,,,,,,
FR100439_c85,FR100439,c85,3,SNind,Obl,SNind,SNdef,SNdef,,,,,,,,,,,,,,,
FR100439_c106,FR100439,c106,2,SNdef,Obl,SNdef,SNdef,,,,,,,,,,,,,,,,
FR100448_c1,FR100448,c1,2,Np,autre,Np,Pro,,,,,,,,,,,,,,,,
FR100448_c6,FR100448,c6,2,SNind,autre,SNind,SNind,,,,,,,,,,,,,,,,
FR100448_c10,FR100448,c10,2,SNdef,autre,SNdef,SNdef,,,,,,,,,,,,,,,,
FR100448_c16,FR100448,c16,2,SN∅,autre,SN∅,SNdef,,,,,,,,,,,,,,,,
FR100448_c38,FR100448,c38,3,SNdef,Suj,SNdef,SNdef,SNdef,,,,,,,,,,,,,,,
FR100453_c1,FR100453,c1,4,SNind,Obl,SNind,SNdem,Pro,SNdem,,,,,,,,,,,,,,
FR100453_c10,FR100453,c10,4,SNdef,autre,SNdef,SNdef,SNdef,SNdef,,,,,,,,,,,,,,
FR100453_c13,FR100453,c13,2,SNdef,autre,SNdef,SNdef,,,,,,,,,,,,,,,,
FR100453_c12,FR100453,c12,2,SNind,autre,SNind,SNind,,,,,,,,,,,,,,,,
FR100453_c14,FR100453,c14,2,SNind,autre,SNind,SNind,,,,,,,,,,,,,,,,
FR100453_c21,FR100453,c21,2,SN∅,autre,SN∅,SN∅,,,,,,,,,,,,,,,,
FR100480_c1,FR100480,c1,15,Np,Obl,Np,Pro,SNdef,SNdef,SNdef,SNdef,Pro,SNdef,SNdef,SNdef,Poss,Pro,Poss,Pro,Poss,,,
FR100480_c5,FR100480,c5,2,SNind,OD,SNind,SNdef,,,,,,,,,,,,,,,,
FR100480_c9,FR100480,c9,2,SNdef,autre,SNdef,SNposs,,,,,,,,,,,,,,,,
FR100480_c20,FR100480,c20,2,SN∅,autre,SN∅,SN∅,,,,,,,,,,,,,,,,
FR100480_c21,FR100480,c21,2,Np,autre,Np,Np,,,,,,,,,,,,,,,,
FR100480_c22,FR100480,c22,2,SN∅,autre,SN∅,SN∅,,,,,,,,,,,,,,,,
FR100480_c24,FR100480,c24,2,SNind,OD,SNind,SNdef,,,,,,,,,,,,,,,,
FR100480_c28,FR100480,c28,2,SNdef,autre,SNdef,SNdef,,,,,,,,,,,,,,,,
FR100480_c40,FR100480,c40,3,SNdef,Suj,SNdef,Poss,SNdef,,,,,,,,,,,,,,,
FR100480_c46,FR100480,c46,2,SNind,OD,SNind,Pro,,,,,,,,,,,,,,,,
FR100480_c66,FR100480,c66,2,SNnum,autre,SNnum,SNnum,,,,,,,,,,,,,,,,
FR100480_c88,FR100480,c88,2,SNdef,Obl,SNdef,SNdef,,,,,,,,,,,,,,,,
FR100480_c108,FR100480,c108,2,SNdef,Obl,SNdef,Pro,,,,,,,,,,,,,,,,
FR100510_c1,FR100510,c1,2,Pro,Suj,Pro,SNind,,,,,,,,,,,,,,,,
FR100510_c4,FR100510,c4,4,SNind,Obl,SNind,SNind,SNdef,SNdef,,,,,,,,,,,,,,
FR100510_c9,FR100510,c9,4,SNind,OD,SNind,SNind,Pro,SNdef,,,,,,,,,,,,,,
FR100510_c13,FR100510,c13,5,SNdef,autre,SNdef,SNdef,SNdef,SNdef,SNdef,,,,,,,,,,,,,
FR100510_c16,FR100510,c16,2,SNdef,autre,SNdef,SNdef,,,,,,,,,,,,,,,,
FR100510_c22,FR100510,c22,2,SNind,Obl,SNind,Pro,,,,,,,,,,,,,,,,
FR100510_c23,FR100510,c23,2,SNind,OD,SNind,SNdef,,,,,,,,,,,,,,,,
FR100510_c24,FR100510,c24,2,SNdef,OD,SNdef,SNdef,,,,,,,,,,,,,,,,
FR100510_c31,FR100510,c31,2,SNind,Suj,SNind,Pro,,,,,,,,,,,,,,,,
FR100510_c33,FR100510,c33,2,SNind,autre,SNind,SNind,,,,,,,,,,,,,,,,
FR100510_c35,FR100510,c35,2,SNind,autre,SNind,SNdef,,,,,,,,,,,,,,,,
FR100510_c44,FR100510,c44,2,SNind,Suj,SNind,SNdef,,,,,,,,,,,,,,,,
FR100510_c54,FR100510,c54,2,SNdef,autre,SNdef,SNdem,,,,,,,,,,,,,,,,
FR100515_c4,FR100515,c4,4,SN∅,Obl,SN∅,SNdef,SNdef,SNdef,,,,,,,,,,,,,,
FR100515_c7,FR100515,c7,2,SNind,Obl,SNind,SNdef,,,,,,,,,,,,,,,,
FR100515_c18,FR100515,c18,2,SNind,Obl,SNind,SNdef,,,,,,,,,,,,,,,,
FR100515_c22,FR100515,c22,2,SNdef,autre,SNdef,SNdef,,,,,,,,,,,,,,,,
FR100515_c23,FR100515,c23,2,SNind,OD,SNind,SN∅,,,,,,,,,,,,,,,,
FR100515_c46,FR100515,c46,2,SNdef,Suj,SNdef,Pro,,,,,,,,,,,,,,,,
FR100515_c88,FR100515,c88,2,SNdef,autre,SNdef,Np,,,,,,,,,,,,,,,,
FR100515_c96,FR100515,c96,2,SN∅,autre,SN∅,SNdef,,,,,,,,,,,,,,,,
FR100515_c98,FR100515,c98,4,SNdef,autre,SNdef,SNdef,SNdef,SNdef,,,,,,,,,,,,,,
FR100515_c99,FR100515,c99,2,SN∅,autre,SN∅,SN∅,,,,,,,,,,,,,,,,
FR100515_c104,FR100515,c104,2,SNdef,Suj,SNdef,Np,,,,,,,,,,,,,,,,
FR100515_c109,FR100515,c109,2,Np,autre,Np,Np,,,,,,,,,,,,,,,,
FR100515_c114,FR100515,c114,4,SN∅,autre,SN∅,SN∅,SNdef,SN∅,,,,,,,,,,,,,,
FR100515_c115,FR100515,c115,2,SNnum,autre,SNnum,SNnum,,,,,,,,,,,,,,,,
FR100515_c118,FR100515,c118,2,SNdef,Suj,SNdef,SNind,,,,,,,,,,,,,,,,
FR100515_c119,FR100515,c119,2,SNdef,Obl,SNdef,SNdef,,,,,,,,,,,,,,,,
FR100517_c1,FR100517,c1,7,Np,Suj,Np,Pro,Pro,SNdef,Poss,Np,SNdef,,,,,,,,,,,
FR100517_c5,FR100517,c5,2,SN∅,autre,SN∅,Pro,,,,,,,,,,,,,,,,
FR100517_c20,FR100517,c20,2,SNdef,autre,SNdef,SNdef,,,,,,,,,,,,,,,,
FR100517_c19,FR100517,c19,2,Autre,autre,Autre,SNind,,,,,,,,,,,,,,,,
FR100517_c17,FR100517,c17,2,SNind,Obl,SNind,SNposs,,,,,,,,,,,,,,,,
FR100517_c27,FR100517,c27,2,SNdef,autre,SNdef,SN∅,,,,,,,,,,,,,,,,
FR100517_c23,FR100517,c23,2,SNind,OD,SNind,SNdem,,,,,,,,,,,,,,,,
FR100517_c33,FR100517,c33,2,SNind,Obl,SNind,SN∅,,,,,,,,,,,,,,,,
FR100517_c73,FR100517,c73,2,SNind,OD,SNind,SNdef,,,,,,,,,,,,,,,,
FR100517_c86,FR100517,c86,3,SNdef,autre,SNdef,Pro,SNdef,,,,,,,,,,,,,,,
FR100517_c91,FR100517,c91,2,SN∅,Obl,SN∅,SNind,,,,,,,,,,,,,,,,
FR100517_c96,FR100517,c96,4,SNind,OD,SNind,SNdef,SNdef,Pro,,,,,,,,,,,,,,
FR100517_c100,FR100517,c100,2,SNind,Suj,SNind,SN∅,,,,,,,,,,,,,,,,
FR100519_c1,FR100519,c1,6,SNind,Obl,SNind,Pro,SNdef,Pro,Pro,SNdef,,,,,,,,,,,,
FR100519_c4,FR100519,c4,3,SN∅,Obl,SN∅,SN∅,SN∅,,,,,,,,,,,,,,,
FR100519_c6,FR100519,c6,4,SN∅,autre,SN∅,SNind,SNdef,SN∅,,,,,,,,,,,,,,
FR100519_c11,FR100519,c11,2,SNind,Obl,SNind,SNdef,,,,,,,,,,,,,,,,
FR100519_c32,FR100519,c32,2,SN∅,autre,SN∅,Np,,,,,,,,,,,,,,,,
FR100519_c38,FR100519,c38,3,Np,autre,Np,SNdef,SNdef,,,,,,,,,,,,,,,
FR100519_c41,FR100519,c41,2,SNind,autre,SNind,Np,,,,,,,,,,,,,,,,
FR100519_c64,FR100519,c64,2,SNdef,Suj,SNdef,SNdef,,,,,,,,,,,,,,,,
FR100519_c68,FR100519,c68,3,SNdef,Obl,SNdef,SNdef,SNdef,,,,,,,,,,,,,,,
FR100519_c81,FR100519,c81,2,SNdef,autre,SNdef,SNdef,,,,,,,,,,,,,,,,
FR100519_c80,FR100519,c80,2,SNind,OD,SNind,SNind,,,,,,,,,,,,,,,,
FR100519_c99,FR100519,c99,2,SNnum,autre,SNnum,SN∅,,,,,,,,,,,,,,,,
FR100519_c106,FR100519,c106,2,SN∅,autre,SN∅,SNind,,,,,,,,,,,,,,,,
FR100579_c3,FR100579,c3,2,SNind,autre,SNind,Pro,,,,,,,,,,,,,,,,
FR100589_c1,FR100589,c1,7,Np,autre,Np,Poss,SNdef,Poss,SNdef,SNdef,SNdef,,,,,,,,,,,
FR100589_c24,FR100589,c24,2,SNind,autre,SNind,SNdef,,,,,,,,,,,,,,,,
FR100589_c31,FR100589,c31,2,SNdef,autre,SNdef,SNdef,,,,,,,,,,,,,,,,
FR100589_c30,FR100589,c30,2,SNdef,autre,SNdef,SNdef,,,,,,,,,,,,,,,,
FR100589_c35,FR100589,c35,2,SNind,OD,SNind,SNdem,,,,,,,,,,,,,,,,
FR100589_c36,FR100589,c36,2,SNind,OD,SNind,SNind,,,,,,,,,,,,,,,,
FR100589_c38,FR100589,c38,2,Pro,Suj,Pro,Pro,,,,,,,,,,,,,,,,
FR100589_c41,FR100589,c41,2,SNind,autre,SNind,SN∅,,,,,,,,,,,,,,,,
FR100589_c44,FR100589,c44,2,SN∅,autre,SN∅,SN∅,,,,,,,,,,,,,,,,
FR100589_c48,FR100589,c48,2,SNind,autre,SNind,Poss,,,,,,,,,,,,,,,,
FR100589_c58,FR100589,c58,3,SNdef,OD,SNdef,SN∅,SN∅,,,,,,,,,,,,,,,
FR100589_c59,FR100589,c59,2,SNdef,Obl,SNdef,Pro,,,,,,,,,,,,,,,,
FR100589_c109,FR100589,c109,2,SNind,autre,SNind,Pro,,,,,,,,,,,,,,,,
FR100589_c126,FR100589,c126,2,SNdef,Suj,SNdef,Pro,,,,,,,,,,,,,,,,
FR100597_c1,FR100597,c1,7,SNind,Obl,SNind,SNdef,Pro,Pro,SNdef,SNdef,SNdef,,,,,,,,,,,
FR100597_c13,FR100597,c13,2,SNind,autre,SNind,SNind,,,,,,,,,,,,,,,,
FR100597_c30,FR100597,c30,3,SNind,OD,SNind,Pro,Poss,,,,,,,,,,,,,,,
FR100597_c33,FR100597,c33,4,SNdef,Suj,SNdef,SNind,SNdef,SNdef,,,,,,,,,,,,,,
FR100597_c43,FR100597,c43,2,SNind,Suj,SNind,SNposs,,,,,,,,,,,,,,,,
FR100597_c48,FR100597,c48,4,SNind,autre,SNind,SNind,Poss,SNdef,,,,,,,,,,,,,,
FR100597_c56,FR100597,c56,5,Pro,Suj,Pro,Poss,SNdef,Pro,Pro,,,,,,,,,,,,,
FR100597_c58,FR100597,c58,2,SNind,autre,SNind,Pro,,,,,,,,,,,,,,,,
FR100597_c70,FR100597,c70,2,SNdef,autre,SNdef,SNdef,,,,,,,,,,,,,,,,
FR100597_c75,FR100597,c75,2,SNdef,autre,SNdef,Pro,,,,,,,,,,,,,,,,
FR100597_c83,FR100597,c83,2,SNnum,Suj,SNnum,SNind,,,,,,,,,,,,,,,,
FR100597_c86,FR100597,c86,2,SNind,autre,SNind,SNind,,,,,,,,,,,,,,,,
FR100597_c87,FR100597,c87,2,SN∅,autre,SN∅,SN∅,,,,,,,,,,,,,,,,
FR100597_c89,FR100597,c89,2,SNind,OD,SNind,Pro,,,,,,,,,,,,,,,,
FR100597_c95,FR100597,c95,2,SNdef,Suj,SNdef,Pro,,,,,,,,,,,,,,,,
FR100597_c99,FR100597,c99,2,SNind,Suj,SNind,SNdef,,,,,,,,,,,,,,,,
FR100597_c102,FR100597,c102,2,SNdef,Suj,SNdef,SNdef,,,,,,,,,,,,,,,,
FR100597_c106,FR100597,c106,3,SNind,autre,SNind,SNdef,SNdef,,,,,,,,,,,,,,,
FR100597_c117,FR100597,c117,2,SNind,OD,SNind,SNdem,,,,,,,,,,,,,,,,
FR100597_c124,FR100597,c124,2,SNdef,OD,SNdef,SNdef,,,,,,,,,,,,,,,,
FR100603_c2,FR100603,c2,3,SNdem,Obl,SNdem,SNdem,Pro,,,,,,,,,,,,,,,
FR100603_c4,FR100603,c4,4,SNind,autre,SNind,Pro,SNind,SNdef,,,,,,,,,,,,,,
FR100603_c7,FR100603,c7,3,SNdef,autre,SNdef,SNdef,SNdef,,,,,,,,,,,,,,,
FR100611_c1,FR100611,c1,2,SNind,Suj,SNind,Poss,,,,,,,,,,,,,,,,
FR100611_c3,FR100611,c3,2,SN∅,autre,SN∅,SN∅,,,,,,,,,,,,,,,,
FR100611_c19,FR100611,c19,2,SNdef,autre,SNdef,Pro,,,,,,,,,,,,,,,,
FR100611_c30,FR100611,c30,2,SNdef,autre,SNdef,SNdef,,,,,,,,,,,,,,,,
FR100611_c43,FR100611,c43,2,Np,autre,Np,Np,,,,,,,,,,,,,,,,
FR100611_c75,FR100611,c75,2,SN∅,OD,SN∅,SN∅,,,,,,,,,,,,,,,,
FR100611_c76,FR100611,c76,2,SN∅,autre,SN∅,SN∅,,,,,,,,,,,,,,,,
FR100614_c1,FR100614,c1,5,SNind,Obl,SNind,Poss,Poss,SNdef,Pro,,,,,,,,,,,,,
FR100614_c16,FR100614,c16,2,SNind,OD,SNind,SNind,,,,,,,,,,,,,,,,
FR100614_c30,FR100614,c30,3,SNind,OD,SNind,SNdef,Poss,,,,,,,,,,,,,,,
FR100614_c42,FR100614,c42,2,SNdef,Suj,SNdef,SNdef,,,,,,,,,,,,,,,,
FR100614_c61,FR100614,c61,2,SNind,Suj,SNind,Pro,,,,,,,,,,,,,,,,
FR100620_c1,FR100620,c1,2,Np,autre,Np,SNdef,,,,,,,,,,,,,,,,
FR100620_c6,FR100620,c6,2,SNind,OD,SNind,SNind,,,,,,,,,,,,,,,,
FR100620_c27,FR100620,c27,2,SNdef,autre,SNdef,SNdef,,,,,,,,,,,,,,,,
FR100620_c31,FR100620,c31,2,SNdef,autre,SNdef,SNdef,,,,,,,,,,,,,,,,
FR100620_c34,FR100620,c34,2,SNind,autre,SNind,SNdef,,,,,,,,,,,,,,,,
FR100620_c35,FR100620,c35,2,SNdef,Suj,SNdef,SN∅,,,,,,,,,,,,,,,,
FR100620_c37,FR100620,c37,2,SN∅,autre,SN∅,SN∅,,,,,,,,,,,,,,,,
FR100620_c36,FR100620,c36,7,SN∅,autre,SN∅,Pro,SNdef,Sujet_zero,SNdef,SN∅,Pro,,,,,,,,,,,
FR100620_c38,FR100620,c38,2,SNdef,Obl,SNdef,SNdef,,,,,,,,,,,,,,,,
FR100620_c39,FR100620,c39,2,SNind,Obl,SNind,SNind,,,,,,,,,,,,,,,,
FR100620_c40,FR100620,c40,2,SNind,Suj,SNind,SN∅,,,,,,,,,,,,,,,,
FR100620_c55,FR100620,c55,2,SNdef,autre,SNdef,SNdef,,,,,,,,,,,,,,,,
FR100620_c68,FR100620,c68,2,SN∅,autre,SN∅,SNdef,,,,,,,,,,,,,,,,
FR100620_c69,FR100620,c69,2,SN∅,autre,SN∅,SNdef,,,,,,,,,,,,,,,,
FR100620_c80,FR100620,c80,2,SNdef,autre,SNdef,SNdef,,,,,,,,,,,,,,,,
FR100620_c87,FR100620,c87,2,SNdef,autre,SNdef,SNdef,,,,,,,,,,,,,,,,
FR100620_c108,FR100620,c108,2,SNind,autre,SNind,SNdef,,,,,,,,,,,,,,,,
FR100623_c1,FR100623,c1,2,Pro,Suj,Pro,Pro,,,,,,,,,,,,,,,,
FR100623_c3,FR100623,c3,2,SNind,autre,SNind,Pro,,,,,,,,,,,,,,,,
FR100623_c2,FR100623,c2,2,SNdef,OD,SNdef,SNdem,,,,,,,,,,,,,,,,
FR100623_c13,FR100623,c13,2,SNdef,Suj,SNdef,SNdef,,,,,,,,,,,,,,,,
FR100623_c14,FR100623,c14,2,SNind,OD,SNind,SNdem,,,,,,,,,,,,,,,,
FR100623_c20,FR100623,c20,3,SNdef,autre,SNdef,SNdef,Poss,,,,,,,,,,,,,,,
FR100623_c26,FR100623,c26,3,SNdef,autre,SNdef,SNdef,SNdef,,,,,,,,,,,,,,,
FR100623_c25,FR100623,c25,3,SN∅,Obl,SN∅,SN∅,SN∅,,,,,,,,,,,,,,,
FR100623_c22,FR100623,c22,2,SNind,Obl,SNind,SNdef,,,,,,,,,,,,,,,,
FR100623_c29,FR100623,c29,3,SNdef,Suj,SNdef,SNdef,SNdef,,,,,,,,,,,,,,,
FR100629_c1,FR100629,c1,4,Pro,Suj,Pro,SNind,SNdef,Poss,,,,,,,,,,,,,,
FR100629_c13,FR100629,c13,2,SN∅,autre,SN∅,SN∅,,,,,,,,,,,,,,,,
FR100629_c19,FR100629,c19,2,SNdef,autre,SNdef,SNdef,,,,,,,,,,,,,,,,
FR100629_c25,FR100629,c25,2,SNind,autre,SNind,Pro,,,,,,,,,,,,,,,,
FR100629_c35,FR100629,c35,2,SNind,autre,SNind,Pro,,,,,,,,,,,,,,,,
FR100629_c55,FR100629,c55,2,Np,Obl,Np,SN∅,,,,,,,,,,,,,,,,
FR100629_c56,FR100629,c56,2,SNind,autre,SNind,SNposs,,,,,,,,,,,,,,,,
FR100629_c59,FR100629,c59,2,Autre,autre,Autre,Autre,,,,,,,,,,,,,,,,
FR100632_c1,FR100632,c1,4,SNind,Suj,SNind,SNind,SNind,SNdef,,,,,,,,,,,,,,
FR100632_c4,FR100632,c4,2,SNdef,autre,SNdef,SNdef,,,,,,,,,,,,,,,,
FR100632_c6,FR100632,c6,2,SNdef,autre,SNdef,SNdef,,,,,,,,,,,,,,,,
FR100632_c5,FR100632,c5,2,SNdef,Obl,SNdef,SNdef,,,,,,,,,,,,,,,,
FR100632_c7,FR100632,c7,2,SNdef,autre,SNdef,SNdef,,,,,,,,,,,,,,,,
FR100632_c3,FR100632,c3,2,SNind,Obl,SNind,SN∅,,,,,,,,,,,,,,,,
FR100632_c31,FR100632,c31,2,Autre,autre,Autre,Autre,,,,,,,,,,,,,,,,
FR100632_c47,FR100632,c47,2,SNind,autre,SNind,SNind,,,,,,,,,,,,,,,,
FR100632_c51,FR100632,c51,2,Pro,autre,Pro,SNnum,,,,,,,,,,,,,,,,
FR100632_c64,FR100632,c64,2,SNdef,autre,SNdef,SNdef,,,,,,,,,,,,,,,,
FR100632_c109,FR100632,c109,2,SNdef,autre,SNdef,SNdef,,,,,,,,,,,,,,,,
FR100632_c122,FR100632,c122,2,SNdef,Suj,SNdef,Pro,,,,,,,,,,,,,,,,
FR100658_c4,FR100658,c4,2,SN∅,Obl,SN∅,Np,,,,,,,,,,,,,,,,
FR100658_c1,FR100658,c1,6,SNind,Obl,SNind,Poss,SNind,SNdef,SNdef,SNdef,,,,,,,,,,,,
FR100658_c10,FR100658,c10,2,SNind,autre,SNind,SN∅,,,,,,,,,,,,,,,,
FR100658_c16,FR100658,c16,2,SNind,OD,SNind,SNdef,,,,,,,,,,,,,,,,
FR100658_c42,FR100658,c42,2,SNdef,autre,SNdef,SNdef,,,,,,,,,,,,,,,,
FR100658_c43,FR100658,c43,2,SNdef,autre,SNdef,SNdef,,,,,,,,,,,,,,,,
FR100658_c40,FR100658,c40,3,SNind,OD,SNind,SNind,SNdem,,,,,,,,,,,,,,,
FR100658_c44,FR100658,c44,2,SN∅,autre,SN∅,SNind,,,,,,,,,,,,,,,,
FR100658_c69,FR100658,c69,3,SNdef,Suj,SNdef,SN∅,SNdef,,,,,,,,,,,,,,,
FR100658_c74,FR100658,c74,3,SNdef,Suj,SNdef,SN∅,SNdef,,,,,,,,,,,,,,,
FR100658_c105,FR100658,c105,3,SNdef,Suj,SNdef,SNdef,SN∅,,,,,,,,,,,,,,,
FR100658_c128,FR100658,c128,2,SNdef,autre,SNdef,SNdef,,,,,,,,,,,,,,,,
FR100663_c1,FR100663,c1,10,Pro,Suj,Pro,Poss,Pro,Pro,Pro,Pro,Pro,Pro,Pro,Pro,,,,,,,,
FR100663_c3,FR100663,c3,5,SNind,autre,SNind,SNdef,SNdef,Poss,SNdef,,,,,,,,,,,,,
FR100663_c8,FR100663,c8,2,SN∅,Obl,SN∅,SN∅,,,,,,,,,,,,,,,,
FR100663_c7,FR100663,c7,5,SNind,Obl,SNind,SNind,SNdef,Pro,Poss,,,,,,,,,,,,,
FR100663_c11,FR100663,c11,2,SN∅,autre,SN∅,SNnum,,,,,,,,,,,,,,,,
FR100663_c26,FR100663,c26,3,SNind,OD,SNind,SNdef,SNdef,,,,,,,,,,,,,,,
FR100663_c32,FR100663,c32,2,SN∅,autre,SN∅,SN∅,,,,,,,,,,,,,,,,
FR100663_c31,FR100663,c31,4,SNind,autre,SNind,SNind,SNdef,SNdef,,,,,,,,,,,,,,
FR100663_c37,FR100663,c37,4,SNind,autre,SNind,SNdef,SNind,SNdef,,,,,,,,,,,,,,
FR100663_c41,FR100663,c41,2,SNind,autre,SNind,SNposs,,,,,,,,,,,,,,,,
FR100663_c44,FR100663,c44,2,SN∅,autre,SN∅,SN∅,,,,,,,,,,,,,,,,
FR100663_c50,FR100663,c50,2,SNdef,Suj,SNdef,SNdef,,,,,,,,,,,,,,,,
FR100663_c53,FR100663,c53,2,Np,Obl,Np,Np,,,,,,,,,,,,,,,,
FR100663_c58,FR100663,c58,2,SNind,autre,SNind,Pro,,,,,,,,,,,,,,,,
FR100663_c66,FR100663,c66,2,SNind,OD,SNind,Pro,,,,,,,,,,,,,,,,
FR100663_c76,FR100663,c76,2,SNind,OD,SNind,SNdef,,,,,,,,,,,,,,,,
FR100663_c84,FR100663,c84,2,SNdef,Obl,SNdef,SNdef,,,,,,,,,,,,,,,,
FR100663_c83,FR100663,c83,3,SNind,OD,SNind,SNdef,Pro,,,,,,,,,,,,,,,
FR100666_c4,FR100666,c4,3,SNdef,Obl,SNdef,SNdef,SNdef,,,,,,,,,,,,,,,
FR100666_c1,FR100666,c1,6,SNind,Suj,SNind,SNdef,Pro,SNdef,SNdef,SNdef,,,,,,,,,,,,
FR100666_c15,FR100666,c15,2,SNind,Obl,SNind,Pro,,,,,,,,,,,,,,,,
FR100666_c26,FR100666,c26,3,SN∅,autre,SN∅,SNdem,SN∅,,,,,,,,,,,,,,,
FR100666_c48,FR100666,c48,2,SNdef,Suj,SNdef,Pro,,,,,,,,,,,,,,,,
FR100666_c52,FR100666,c52,2,SNind,Suj,SNind,Pro,,,,,,,,,,,,,,,,
FR100666_c61,FR100666,c61,2,SNind,autre,SNind,SNdef,,,,,,,,,,,,,,,,
FR100666_c72,FR100666,c72,2,SNdef,autre,SNdef,Np,,,,,,,,,,,,,,,,
FR100666_c86,FR100666,c86,2,SN∅,autre,SN∅,SN∅,,,,,,,,,,,,,,,,
FR100666_c87,FR100666,c87,2,SNdef,Obl,SNdef,Pro,,,,,,,,,,,,,,,,
FR100666_c90,FR100666,c90,3,SN∅,autre,SN∅,SN∅,SN∅,,,,,,,,,,,,,,,
FR100666_c91,FR100666,c91,2,SN∅,autre,SN∅,SN∅,,,,,,,,,,,,,,,,
FR100666_c92,FR100666,c92,2,SN∅,autre,SN∅,SN∅,,,,,,,,,,,,,,,,
FR100666_c102,FR100666,c102,2,SNind,autre,SNind,SNind,,,,,,,,,,,,,,,,
FR100683_c1,FR100683,c1,8,SNdef,Suj,SNdef,Poss,Pro,Pro,Pro,SNdef,Poss,SNdef,,,,,,,,,,
FR100683_c5,FR100683,c5,2,SN∅,autre,SN∅,SN∅,,,,,,,,,,,,,,,,
FR100683_c4,FR100683,c4,2,SNind,Obl,SNind,SNind,,,,,,,,,,,,,,,,
FR100683_c6,FR100683,c6,2,SNnum,Obl,SNnum,SNnum,,,,,,,,,,,,,,,,
FR100683_c3,FR100683,c3,2,SN∅,Obl,SN∅,SN∅,,,,,,,,,,,,,,,,
FR100683_c8,FR100683,c8,2,Pro,Suj,Pro,Pro,,,,,,,,,,,,,,,,
FR100683_c12,FR100683,c12,2,SNnum,OD,SNnum,Pro,,,,,,,,,,,,,,,,
FR100683_c18,FR100683,c18,2,SN∅,autre,SN∅,SN∅,,,,,,,,,,,,,,,,
FR100683_c64,FR100683,c64,2,SNdef,Suj,SNdef,SN∅,,,,,,,,,,,,,,,,
FR100683_c65,FR100683,c65,2,SNdef,autre,SNdef,SN∅,,,,,,,,,,,,,,,,
FR100683_c68,FR100683,c68,2,SNdef,Suj,SNdef,SNdef,,,,,,,,,,,,,,,,
FR100683_c69,FR100683,c69,2,SNind,OD,SNind,SNdef,,,,,,,,,,,,,,,,
FR100688_c1,FR100688,c1,5,SNind,autre,SNind,Pro,Pro,SNdef,Pro,,,,,,,,,,,,,
FR100688_c4,FR100688,c4,5,SNind,autre,SNind,SNdef,SNind,SNdef,SNdef,,,,,,,,,,,,,
FR100688_c31,FR100688,c31,2,SN∅,autre,SN∅,SN∅,,,,,,,,,,,,,,,,
FR100688_c39,FR100688,c39,2,SNdef,OD,SNdef,Autre,,,,,,,,,,,,,,,,
FR100688_c66,FR100688,c66,2,Np,autre,Np,Np,,,,,,,,,,,,,,,,
FR100688_c67,FR100688,c67,2,Np,autre,Np,Np,,,,,,,,,,,,,,,,
FR100689_c1,FR100689,c1,8,SNind,Obl,SNind,Pro,Poss,SNdef,Poss,Poss,SNdef,SNdef,,,,,,,,,,
FR100689_c6,FR100689,c6,2,SNind,Obl,SNind,SNdem,,,,,,,,,,,,,,,,
FR100689_c7,FR100689,c7,2,SNind,autre,SNind,SNdef,,,,,,,,,,,,,,,,
FR100689_c17,FR100689,c17,2,SN∅,autre,SN∅,SNdef,,,,,,,,,,,,,,,,
FR100689_c50,FR100689,c50,3,SNind,autre,SNind,SNdef,Pro,,,,,,,,,,,,,,,
FR100689_c48,FR100689,c48,2,SNind,OD,SNind,SNdef,,,,,,,,,,,,,,,,
FR100689_c54,FR100689,c54,2,SNind,OD,SNind,SNind,,,,,,,,,,,,,,,,
FR100689_c55,FR100689,c55,2,SNdef,Suj,SNdef,SNdef,,,,,,,,,,,,,,,,
FR100689_c66,FR100689,c66,2,SNdef,autre,SNdef,SNdef,,,,,,,,,,,,,,,,
FR100689_c97,FR100689,c97,2,SNdef,Suj,SNdef,SN∅,,,,,,,,,,,,,,,,
FR100689_c111,FR100689,c111,2,Np,autre,Np,Np,,,,,,,,,,,,,,,,
FR100689_c112,FR100689,c112,2,Np,autre,Np,Np,,,,,,,,,,,,,,,,
FR100689_c109,FR100689,c109,2,SN∅,Obl,SN∅,SNdef,,,,,,,,,,,,,,,,
FR100697_c1,FR100697,c1,2,SNind,Obl,SNind,SNdef,,,,,,,,,,,,,,,,
FR100697_c4,FR100697,c4,2,SNdef,autre,SNdef,SNdef,,,,,,,,,,,,,,,,
FR100697_c8,FR100697,c8,3,SNdef,autre,SNdef,SN∅,SNdef,,,,,,,,,,,,,,,
FR100697_c9,FR100697,c9,2,SN∅,Obl,SN∅,SN∅,,,,,,,,,,,,,,,,
FR100697_c15,FR100697,c15,2,SN∅,autre,SN∅,SNind,,,,,,,,,,,,,,,,
FR100697_c33,FR100697,c33,2,SNind,Obl,SNind,SN∅,,,,,,,,,,,,,,,,
FR100697_c50,FR100697,c50,2,SN∅,Obl,SN∅,SNdem,,,,,,,,,,,,,,,,
FR100697_c54,FR100697,c54,2,SNdef,Suj,SNdef,Pro,,,,,,,,,,,,,,,,
FR100708_c1,FR100708,c1,2,Pro,Suj,Pro,Poss,,,,,,,,,,,,,,,,
FR100708_c3,FR100708,c3,9,SNind,autre,SNind,Poss,SNdef,Pro,Poss,Pro,SNdef,Pro,SNdef,,,,,,,,,
FR100708_c19,FR100708,c19,2,SN∅,autre,SN∅,SN∅,,,,,,,,,,,,,,,,
FR100708_c24,FR100708,c24,2,SNind,Suj,SNind,Pro,,,,,,,,,,,,,,,,
FR100708_c29,FR100708,c29,2,SNind,OD,SNind,Pro,,,,,,,,,,,,,,,,
FR100708_c35,FR100708,c35,2,Np,Obl,Np,SNposs,,,,,,,,,,,,,,,,
FR100708_c38,FR100708,c38,2,SN∅,autre,SN∅,SNdef,,,,,,,,,,,,,,,,
FR100708_c41,FR100708,c41,5,SNdef,autre,SNdef,SN∅,SNdef,SNdef,SNdef,,,,,,,,,,,,,
FR100708_c48,FR100708,c48,2,SN∅,autre,SN∅,SNind,,,,,,,,,,,,,,,,
FR100708_c62,FR100708,c62,2,SN∅,autre,SN∅,SNdem,,,,,,,,,,,,,,,,
FR100708_c67,FR100708,c67,2,SNdef,Obl,SNdef,Pro,,,,,,,,,,,,,,,,
FR100717_c15,FR100717,c15,2,SNind,Obl,SNind,SNdef,,,,,,,,,,,,,,,,
FR100717_c14,FR100717,c14,2,SNind,autre,SNind,SNdef,,,,,,,,,,,,,,,,
FR100717_c40,FR100717,c40,3,Autre,autre,Autre,Autre,Autre,,,,,,,,,,,,,,,
FR100717_c41,FR100717,c41,6,Autre,autre,Autre,Np,Autre,Autre,Autre,Np,,,,,,,,,,,,
FR100717_c42,FR100717,c42,2,SNind,Obl,SNind,SNind,,,,,,,,,,,,,,,,
FR100717_c43,FR100717,c43,2,SNdef,Suj,SNdef,Pro,,,,,,,,,,,,,,,,
FR100717_c45,FR100717,c45,2,SNind,OD,SNind,Pro,,,,,,,,,,,,,,,,
FR100717_c51,FR100717,c51,2,SNind,Suj,SNind,SNdef,,,,,,,,,,,,,,,,
FR100717_c54,FR100717,c54,2,Pro,Suj,Pro,Pro,,,,,,,,,,,,,,,,
FR100717_c55,FR100717,c55,2,SN∅,OD,SN∅,SNdef,,,,,,,,,,,,,,,,
FR100748_c6,FR100748,c6,2,SN∅,autre,SN∅,SN∅,,,,,,,,,,,,,,,,
FR100748_c1,FR100748,c1,9,SNind,Suj,SNind,SNdef,SNdef,SNdef,SNdef,Pro,Poss,SNdef,Poss,,,,,,,,,
FR100748_c15,FR100748,c15,4,SNdef,Suj,SNdef,SN∅,SNind,SNdef,,,,,,,,,,,,,,
FR100748_c16,FR100748,c16,2,SNnum,Obl,SNnum,SNnum,,,,,,,,,,,,,,,,
FR100748_c17,FR100748,c17,2,SNnum,autre,SNnum,SNnum,,,,,,,,,,,,,,,,
FR100748_c22,FR100748,c22,2,SNind,OD,SNind,SNdef,,,,,,,,,,,,,,,,
FR100748_c24,FR100748,c24,2,SNdef,OD,SNdef,SNdef,,,,,,,,,,,,,,,,
FR100748_c23,FR100748,c23,2,SNdef,OD,SNdef,SNdef,,,,,,,,,,,,,,,,
FR100748_c27,FR100748,c27,2,SNdef,autre,SNdef,Np,,,,,,,,,,,,,,,,
FR100748_c39,FR100748,c39,2,SN∅,autre,SN∅,SNdef,,,,,,,,,,,,,,,,
FR100748_c38,FR100748,c38,2,SNind,autre,SNind,Np,,,,,,,,,,,,,,,,
FR100748_c56,FR100748,c56,4,SN∅,autre,SN∅,SN∅,SN∅,SN∅,,,,,,,,,,,,,,
FR100748_c55,FR100748,c55,2,SNdef,Suj,SNdef,SNdef,,,,,,,,,,,,,,,,
FR100748_c58,FR100748,c58,2,SNdef,Suj,SNdef,SNdef,,,,,,,,,,,,,,,,
FR100748_c61,FR100748,c61,2,SNdef,autre,SNdef,SNdef,,,,,,,,,,,,,,,,
FR100748_c66,FR100748,c66,2,SNdef,autre,SNdef,SNdef,,,,,,,,,,,,,,,,
FR100748_c67,FR100748,c67,2,SNdef,autre,SNdef,SNdef,,,,,,,,,,,,,,,,
FR100748_c78,FR100748,c78,2,SNdef,Suj,SNdef,SNposs,,,,,,,,,,,,,,,,
FR100748_c81,FR100748,c81,2,SNdef,autre,SNdef,SN∅,,,,,,,,,,,,,,,,
FR100748_c82,FR100748,c82,2,SNdef,autre,SNdef,Autre,,,,,,,,,,,,,,,,
FR100748_c84,FR100748,c84,2,SNdef,autre,SNdef,Autre,,,,,,,,,,,,,,,,
FR100748_c90,FR100748,c90,2,SN∅,Obl,SN∅,SNdef,,,,,,,,,,,,,,,,
FR100766_c1,FR100766,c1,8,SN∅,autre,SN∅,SNdef,SNdef,Pro,Poss,Pro,Poss,SNdef,,,,,,,,,,
FR100766_c3,FR100766,c3,2,SNind,Obl,SNind,SNdef,,,,,,,,,,,,,,,,
FR100766_c9,FR100766,c9,2,SNind,autre,SNind,SNdef,,,,,,,,,,,,,,,,
FR100766_c19,FR100766,c19,2,SNdef,OD,SNdef,Pro,,,,,,,,,,,,,,,,
FR100766_c20,FR100766,c20,2,SNdef,Obl,SNdef,Pro,,,,,,,,,,,,,,,,
FR100766_c22,FR100766,c22,2,SN∅,autre,SN∅,SNdef,,,,,,,,,,,,,,,,
FR100780_c1,FR100780,c1,11,Np,Obl,Np,SNposs,SNdef,SNdef,SNdef,SNdef,SNdef,SNdef,Poss,SNdef,SNdef,,,,,,,
FR100780_c15,FR100780,c15,2,SNdef,autre,SNdef,SNdef,,,,,,,,,,,,,,,,
FR100780_c22,FR100780,c22,3,SNind,Obl,SNind,Pro,SNdef,,,,,,,,,,,,,,,
FR100780_c25,FR100780,c25,2,SNnum,OD,SNnum,SNnum,,,,,,,,,,,,,,,,
FR100780_c24,FR100780,c24,2,SNind,Obl,SNind,SNind,,,,,,,,,,,,,,,,
FR100780_c31,FR100780,c31,2,SN∅,Obl,SN∅,SNdef,,,,,,,,,,,,,,,,
FR100780_c64,FR100780,c64,2,SNind,autre,SNind,SNind,,,,,,,,,,,,,,,,
FR100780_c60,FR100780,c60,2,SNind,OD,SNind,SNdef,,,,,,,,,,,,,,,,
FR100780_c127,FR100780,c127,2,SNind,Obl,SNind,SNdef,,,,,,,,,,,,,,,,
FR100806_c1,FR100806,c1,9,Pro,Suj,Pro,SNind,Poss,Pro,Pro,Pro,SNdef,Pro,Poss,,,,,,,,,
FR100806_c5,FR100806,c5,2,SNind,Obl,SNind,SNdef,,,,,,,,,,,,,,,,
FR100806_c8,FR100806,c8,3,SNind,autre,SNind,SN∅,SNdef,,,,,,,,,,,,,,,
FR100806_c17,FR100806,c17,2,SNdef,OD,SNdef,SNdef,,,,,,,,,,,,,,,,
FR100806_c24,FR100806,c24,4,SNind,autre,SNind,SNdem,Poss,SNind,,,,,,,,,,,,,,
FR100806_c25,FR100806,c25,2,SN∅,Obl,SN∅,SN∅,,,,,,,,,,,,,,,,
FR100806_c29,FR100806,c29,2,SNnum,Obl,SNnum,SNnum,,,,,,,,,,,,,,,,
FR100806_c33,FR100806,c33,2,SN∅,OD,SN∅,SNdem,,,,,,,,,,,,,,,,
FR100806_c37,FR100806,c37,2,SN∅,Obl,SN∅,SN∅,,,,,,,,,,,,,,,,
FR100806_c65,FR100806,c65,2,SN∅,autre,SN∅,SN∅,,,,,,,,,,,,,,,,
FR100806_c78,FR100806,c78,2,SNdef,Obl,SNdef,SNdef,,,,,,,,,,,,,,,,
FR100806_c77,FR100806,c77,2,SNind,OD,SNind,SNind,,,,,,,,,,,,,,,,
FR100806_c99,FR100806,c99,2,SNind,OD,SNind,Pro,,,,,,,,,,,,,,,,
FR100814_c25,FR100814,c25,3,SNdef,Suj,SNdef,Pro,SNdef,,,,,,,,,,,,,,,
FR100814_c26,FR100814,c26,2,SNind,autre,SNind,SNdef,,,,,,,,,,,,,,,,
FR100826_c1,FR100826,c1,2,SNind,Obl,SNind,SNdef,,,,,,,,,,,,,,,,
FR100826_c9,FR100826,c9,2,SN∅,autre,SN∅,SNind,,,,,,,,,,,,,,,,
FR100826_c10,FR100826,c10,4,SNind,OD,SNind,Poss,SNdef,SNind,,,,,,,,,,,,,,
FR100826_c11,FR100826,c11,2,SNposs,Obl,SNposs,Pro,,,,,,,,,,,,,,,,
FR100826_c13,FR100826,c13,2,SNdef,autre,SNdef,Pro,,,,,,,,,,,,,,,,
FR100845_c1,FR100845,c1,5,SNind,Obl,SNind,SNind,SNdef,SNdef,SNdef,,,,,,,,,,,,,
FR100845_c15,FR100845,c15,2,SN∅,autre,SN∅,SN∅,,,,,,,,,,,,,,,,
FR100845_c14,FR100845,c14,2,SNdef,OD,SNdef,SNdef,,,,,,,,,,,,,,,,
FR100845_c41,FR100845,c41,2,SNdef,autre,SNdef,SNnum,,,,,,,,,,,,,,,,
FR100845_c42,FR100845,c42,2,SNdef,autre,SNdef,SNdef,,,,,,,,,,,,,,,,
FR100845_c65,FR100845,c65,2,SNdef,Suj,SNdef,SNdef,,,,,,,,,,,,,,,,
FR100845_c72,FR100845,c72,2,SNdef,Obl,SNdef,Pro,,,,,,,,,,,,,,,,
FR100845_c76,FR100845,c76,2,SNnum,autre,SNnum,SNdef,,,,,,,,,,,,,,,,
FR100845_c71,FR100845,c71,2,SNdef,Suj,SNdef,SNdef,,,,,,,,,,,,,,,,
FR100849_c1,FR100849,c1,4,SNind,autre,SNind,SN∅,SN∅,SN∅,,,,,,,,,,,,,,
FR100849_c11,FR100849,c11,2,SN∅,autre,SN∅,SNdef,,,,,,,,,,,,,,,,
FR100849_c18,FR100849,c18,2,SNind,Suj,SNind,SN∅,,,,,,,,,,,,,,,,
FR100870_c1,FR100870,c1,3,Np,autre,Np,SNdef,Np,,,,,,,,,,,,,,,
FR100870_c2,FR100870,c2,2,SN∅,Obl,SN∅,SN∅,,,,,,,,,,,,,,,,
FR100870_c3,FR100870,c3,3,SNdef,Obl,SNdef,SN∅,SN∅,,,,,,,,,,,,,,,
FR100870_c8,FR100870,c8,2,SNdef,autre,SNdef,SNdef,,,,,,,,,,,,,,,,
FR100870_c11,FR100870,c11,2,SNind,autre,SNind,Pro,,,,,,,,,,,,,,,,
FR100870_c14,FR100870,c14,2,SNdef,Suj,SNdef,Pro,,,,,,,,,,,,,,,,
FR100870_c29,FR100870,c29,2,SN∅,autre,SN∅,SNdef,,,,,,,,,,,,,,,,
FR100870_c50,FR100870,c50,2,SNdef,autre,SNdef,SNdef,,,,,,,,,,,,,,,,
FR100870_c56,FR100870,c56,4,SNdef,OD,SNdef,SN∅,Np,SN∅,,,,,,,,,,,,,,
FR100870_c75,FR100870,c75,2,SNind,Suj,SNind,Pro,,,,,,,,,,,,,,,,
FR100870_c78,FR100870,c78,4,SN∅,autre,SN∅,SNdef,SNdef,SNdef,,,,,,,,,,,,,,
FR100870_c86,FR100870,c86,2,SNdef,autre,SNdef,SN∅,,,,,,,,,,,,,,,,
FR100870_c94,FR100870,c94,2,SN∅,autre,SN∅,SNnum,,,,,,,,,,,,,,,,
FR100870_c97,FR100870,c97,2,SNind,Obl,SNind,SN∅,,,,,,,,,,,,,,,,
FR100870_c114,FR100870,c114,2,SNind,Obl,SNind,SNind,,,,,,,,,,,,,,,,
FR100874_c1,FR100874,c1,4,Np,autre,Np,Pro,SNdef,SNdef,,,,,,,,,,,,,,
FR100874_c16,FR100874,c16,2,SNdef,Suj,SNdef,SNdef,,,,,,,,,,,,,,,,
FR100874_c43,FR100874,c43,2,SNind,OD,SNind,Pro,,,,,,,,,,,,,,,,
FR100874_c52,FR100874,c52,2,SNind,Obl,SNind,Pro,,,,,,,,,,,,,,,,
FR100874_c59,FR100874,c59,2,SNind,autre,SNind,Pro,,,,,,,,,,,,,,,,
FR100882_c1,FR100882,c1,7,SNind,Obl,SNind,Poss,Pro,Poss,Pro,Pro,Pro,,,,,,,,,,,
FR100882_c11,FR100882,c11,2,SNposs,Obl,SNposs,SNposs,,,,,,,,,,,,,,,,
FR100882_c21,FR100882,c21,2,SN∅,autre,SN∅,SNdef,,,,,,,,,,,,,,,,
FR100882_c22,FR100882,c22,2,SN∅,autre,SN∅,SNdef,,,,,,,,,,,,,,,,
FR100882_c20,FR100882,c20,2,SN∅,Obl,SN∅,SNdef,,,,,,,,,,,,,,,,
FR100882_c29,FR100882,c29,2,SNdef,autre,SNdef,SNdef,,,,,,,,,,,,,,,,
FR100882_c36,FR100882,c36,2,SNdef,autre,SNdef,SNdef,,,,,,,,,,,,,,,,
FR100882_c38,FR100882,c38,2,SNdef,autre,SNdef,SNdef,,,,,,,,,,,,,,,,
FR100882_c37,FR100882,c37,2,SNdef,autre,SNdef,SNdef,,,,,,,,,,,,,,,,
FR100882_c34,FR100882,c34,2,SNdef,autre,SNdef,SNind,,,,,,,,,,,,,,,,
FR100882_c44,FR100882,c44,5,SN∅,autre,SN∅,Autre,Np,Np,Np,,,,,,,,,,,,,
FR100882_c48,FR100882,c48,2,Autre,autre,Autre,Autre,,,,,,,,,,,,,,,,
FR100882_c55,FR100882,c55,2,SN∅,autre,SN∅,SN∅,,,,,,,,,,,,,,,,
FR100882_c57,FR100882,c57,2,SNind,Obl,SNind,Pro,,,,,,,,,,,,,,,,
FR100882_c58,FR100882,c58,2,SNind,OD,SNind,SN∅,,,,,,,,,,,,,,,,
FR100882_c79,FR100882,c79,2,SN∅,autre,SN∅,SN∅,,,,,,,,,,,,,,,,
FR100882_c80,FR100882,c80,2,SN∅,autre,SN∅,SN∅,,,,,,,,,,,,,,,,
FR100882_c87,FR100882,c87,2,SNind,autre,SNind,SNdef,,,,,,,,,,,,,,,,
FR100882_c90,FR100882,c90,3,SNind,Suj,SNind,SN∅,Pro,,,,,,,,,,,,,,,
FR100882_c98,FR100882,c98,2,SNind,autre,SNind,SN∅,,,,,,,,,,,,,,,,
FR100882_c119,FR100882,c119,2,SNdef,autre,SNdef,SNdef,,,,,,,,,,,,,,,,
FR100883_c1,FR100883,c1,5,Pro,Suj,Pro,Poss,SN∅,SNposs,Poss,,,,,,,,,,,,,
FR100883_c6,FR100883,c6,2,SNdef,autre,SNdef,SNdef,,,,,,,,,,,,,,,,
FR100894_c1,FR100894,c1,3,Pro,Suj,Pro,Pro,Pro,,,,,,,,,,,,,,,
FR100894_c3,FR100894,c3,16,SNind,autre,SNind,SNdef,Poss,Pro,SNdef,SNdef,SNdef,Poss,SNdef,SNdef,Poss,Pro,SNdef,SNdef,Poss,SNdef,,
FR100894_c7,FR100894,c7,2,SNposs,Obl,SNposs,SNdef,,,,,,,,,,,,,,,,
FR100894_c10,FR100894,c10,2,SNdef,autre,SNdef,SNdef,,,,,,,,,,,,,,,,
FR100894_c17,FR100894,c17,2,SNdef,Obl,SNdef,SNdef,,,,,,,,,,,,,,,,
FR100894_c23,FR100894,c23,4,SNind,Suj,SNind,Np,Pro,SNdef,,,,,,,,,,,,,,
FR100894_c26,FR100894,c26,2,SNind,OD,SNind,SNind,,,,,,,,,,,,,,,,
FR100894_c29,FR100894,c29,4,SNposs,autre,SNposs,SNdef,SNdef,SNposs,,,,,,,,,,,,,,
FR100894_c38,FR100894,c38,5,SNdef,autre,SNdef,SNdef,SNdef,SNdef,SNdef,,,,,,,,,,,,,
FR100894_c40,FR100894,c40,2,SNdef,Obl,SNdef,SNdef,,,,,,,,,,,,,,,,
FR100894_c46,FR100894,c46,2,SN∅,autre,SN∅,SNdef,,,,,,,,,,,,,,,,
FR100894_c63,FR100894,c63,2,SNdef,Suj,SNdef,Pro,,,,,,,,,,,,,,,,
FR100894_c65,FR100894,c65,4,SNdef,autre,SNdef,SNdef,SNdef,SNdef,,,,,,,,,,,,,,
FR100894_c69,FR100894,c69,2,SNind,Suj,SNind,SNdef,,,,,,,,,,,,,,,,
FR100894_c73,FR100894,c73,2,SNind,Suj,SNind,SNdef,,,,,,,,,,,,,,,,
FR100894_c76,FR100894,c76,2,SNdef,Suj,SNdef,Poss,,,,,,,,,,,,,,,,
FR100894_c85,FR100894,c85,2,SNnum,Obl,SNnum,SNnum,,,,,,,,,,,,,,,,
FR100903_c1,FR100903,c1,2,SN∅,autre,SN∅,SNdef,,,,,,,,,,,,,,,,
FR100903_c14,FR100903,c14,3,SNdef,autre,SNdef,SNdef,SNdef,,,,,,,,,,,,,,,
FR100903_c15,FR100903,c15,2,SNind,autre,SNind,SNdef,,,,,,,,,,,,,,,,
FR100903_c16,FR100903,c16,4,SNind,autre,SNind,SN∅,Pro,SNind,,,,,,,,,,,,,,
FR100903_c17,FR100903,c17,2,SNind,autre,SNind,SNind,,,,,,,,,,,,,,,,
FR100903_c34,FR100903,c34,3,Pro,Suj,Pro,Pro,Pro,,,,,,,,,,,,,,,
FR100903_c44,FR100903,c44,2,SNdef,Obl,SNdef,SNdef,,,,,,,,,,,,,,,,
FR100903_c48,FR100903,c48,2,SNdef,autre,SNdef,SNind,,,,,,,,,,,,,,,,
FR100903_c50,FR100903,c50,2,SNdef,Suj,SNdef,SNind,,,,,,,,,,,,,,,,
FR100903_c51,FR100903,c51,2,SNdef,autre,SNdef,SN∅,,,,,,,,,,,,,,,,
FR100903_c49,FR100903,c49,2,SNdef,Suj,SNdef,Pro,,,,,,,,,,,,,,,,
FR100903_c54,FR100903,c54,2,SNdef,autre,SNdef,SNind,,,,,,,,,,,,,,,,
FR100903_c62,FR100903,c62,3,SNdef,autre,SNdef,Pro,SNdef,,,,,,,,,,,,,,,
FR100903_c63,FR100903,c63,2,SNind,Obl,SNind,SNind,,,,,,,,,,,,,,,,
FR100903_c68,FR100903,c68,2,SNind,Suj,SNind,Pro,,,,,,,,,,,,,,,,
FR100903_c70,FR100903,c70,2,SNind,autre,SNind,SNdef,,,,,,,,,,,,,,,,
FR100903_c77,FR100903,c77,2,SNind,autre,SNind,SNind,,,,,,,,,,,,,,,,
FR100903_c113,FR100903,c113,2,SNind,autre,SNind,Pro,,,,,,,,,,,,,,,,
FR100903_c115,FR100903,c115,2,SNind,autre,SNind,SNdef,,,,,,,,,,,,,,,,
FR100919_c3,FR100919,c3,4,SNind,autre,SNind,Pro,Pro,SNdef,,,,,,,,,,,,,,
FR100919_c2,FR100919,c2,2,SNdef,OD,SNdef,SNdem,,,,,,,,,,,,,,,,
FR100919_c4,FR100919,c4,2,SNdem,OD,SNdem,SNdef,,,,,,,,,,,,,,,,
FR100919_c9,FR100919,c9,2,SN∅,autre,SN∅,SN∅,,,,,,,,,,,,,,,,
FR100919_c8,FR100919,c8,4,SN∅,autre,SN∅,SNdef,SNdef,Poss,,,,,,,,,,,,,,
FR100919_c24,FR100919,c24,2,SNdef,OD,SNdef,Pro,,,,,,,,,,,,,,,,
FR100919_c29,FR100919,c29,2,SNposs,autre,SNposs,Pro,,,,,,,,,,,,,,,,
FR100921_c4,FR100921,c4,2,SNind,OD,SNind,SNdef,,,,,,,,,,,,,,,,
FR100921_c9,FR100921,c9,3,SNind,Suj,SNind,Np,Pro,,,,,,,,,,,,,,,
FR100921_c10,FR100921,c10,2,SNind,OD,SNind,SNdef,,,,,,,,,,,,,,,,
FR100921_c13,FR100921,c13,2,SNind,Suj,SNind,SNdem,,,,,,,,,,,,,,,,
FR100925_c1,FR100925,c1,2,SN∅,autre,SN∅,SNdef,,,,,,,,,,,,,,,,
FR100925_c7,FR100925,c7,2,SN∅,autre,SN∅,SNdef,,,,,,,,,,,,,,,,
FR100925_c10,FR100925,c10,2,SNdef,autre,SNdef,SNdef,,,,,,,,,,,,,,,,
FR100925_c21,FR100925,c21,2,SN∅,autre,SN∅,SN∅,,,,,,,,,,,,,,,,
FR100925_c30,FR100925,c30,2,SNind,autre,SNind,SNind,,,,,,,,,,,,,,,,
FR100930_c1,FR100930,c1,3,Pro,Suj,Pro,Poss,Poss,,,,,,,,,,,,,,,
FR100930_c3,FR100930,c3,2,SNind,autre,SNind,SNposs,,,,,,,,,,,,,,,,
FR100932_c3,FR100932,c3,5,SNind,autre,SNind,Pro,Pro,Pro,SNdef,,,,,,,,,,,,,
FR100932_c6,FR100932,c6,2,SNind,autre,SNind,SNind,,,,,,,,,,,,,,,,
FR100932_c7,FR100932,c7,2,SN∅,autre,SN∅,SNdef,,,,,,,,,,,,,,,,
FR100932_c8,FR100932,c8,3,SNdef,autre,SNdef,SNdef,SNdef,,,,,,,,,,,,,,,
FR100932_c9,FR100932,c9,3,SN∅,Obl,SN∅,SNdef,SNdef,,,,,,,,,,,,,,,
FR100932_c12,FR100932,c12,2,SN∅,autre,SN∅,SNdef,,,,,,,,,,,,,,,,
FR100932_c15,FR100932,c15,2,SNind,Suj,SNind,SN∅,,,,,,,,,,,,,,,,
FR100932_c17,FR100932,c17,3,SN∅,autre,SN∅,SNdef,SNind,,,,,,,,,,,,,,,
FR100944_c3,FR100944,c3,3,SNind,autre,SNind,Pro,SNdef,,,,,,,,,,,,,,,
FR100944_c11,FR100944,c11,2,SNdef,Suj,SNdef,Np,,,,,,,,,,,,,,,,
FR100944_c13,FR100944,c13,2,SNdef,Obl,SNdef,SNdem,,,,,,,,,,,,,,,,
FR100946_c1,FR100946,c1,5,Pro,Suj,Pro,SNind,SNind,SNdef,Pro,,,,,,,,,,,,,
FR100946_c7,FR100946,c7,2,SN∅,Obl,SN∅,SNdef,,,,,,,,,,,,,,,,
FR100946_c27,FR100946,c27,2,SNind,OD,SNind,Pro,,,,,,,,,,,,,,,,
FR100946_c47,FR100946,c47,4,SNind,autre,SNind,SNdef,Pro,Pro,,,,,,,,,,,,,,
FR100946_c56,FR100946,c56,2,SNdef,OD,SNdef,Pro,,,,,,,,,,,,,,,,
FR100959_c2,FR100959,c2,4,SN∅,autre,SN∅,SNdef,SNdef,SNdef,,,,,,,,,,,,,,
FR100959_c4,FR100959,c4,3,SNind,autre,SNind,SNind,SNdef,,,,,,,,,,,,,,,
FR100959_c3,FR100959,c3,2,SNdef,autre,SNdef,SNdef,,,,,,,,,,,,,,,,
FR100959_c5,FR100959,c5,2,Pro,Suj,Pro,Poss,,,,,,,,,,,,,,,,
FR100959_c18,FR100959,c18,2,SNdef,Suj,SNdef,SN∅,,,,,,,,,,,,,,,,
FR100959_c23,FR100959,c23,2,SNdef,Suj,SNdef,SNind,,,,,,,,,,,,,,,,
FR100960_c3,FR100960,c3,3,SNind,autre,SNind,Pro,Poss,,,,,,,,,,,,,,,
FR100960_c12,FR100960,c12,2,SN∅,autre,SN∅,SNind,,,,,,,,,,,,,,,,
FR100960_c11,FR100960,c11,2,SNind,OD,SNind,SNdef,,,,,,,,,,,,,,,,
FR100960_c13,FR100960,c13,2,SN∅,autre,SN∅,SNdef,,,,,,,,,,,,,,,,
FR100971_c1,FR100971,c1,2,Pro,Suj,Pro,Pro,,,,,,,,,,,,,,,,
FR100971_c3,FR100971,c3,4,SNind,autre,SNind,Pro,SNind,Pro,,,,,,,,,,,,,,
FR100971_c7,FR100971,c7,2,SN∅,Obl,SN∅,SNdef,,,,,,,,,,,,,,,,
FR100979_c4,FR100979,c4,2,SNdef,autre,SNdef,SNdef,,,,,,,,,,,,,,,,
FR100979_c3,FR100979,c3,2,SNind,autre,SNind,SNind,,,,,,,,,,,,,,,,
FR100979_c5,FR100979,c5,2,SNind,autre,SNind,Poss,,,,,,,,,,,,,,,,
FR100979_c15,FR100979,c15,2,SNdef,Suj,SNdef,SNind,,,,,,,,,,,,,,,,
FR100986_c1,FR100986,c1,2,Pro,Suj,Pro,Poss,,,,,,,,,,,,,,,,
FR100986_c2,FR100986,c2,2,SNdef,OD,SNdef,SNposs,,,,,,,,,,,,,,,,
FR100986_c14,FR100986,c14,2,SNind,autre,SNind,Np,,,,,,,,,,,,,,,,
FR100994_c1,FR100994,c1,3,Pro,Suj,Pro,Poss,Pro,,,,,,,,,,,,,,,
FR100994_c4,FR100994,c4,3,SNind,autre,SNind,SNind,SNdef,,,,,,,,,,,,,,,
FR100994_c6,FR100994,c6,2,SNdef,autre,SNdef,SNdef,,,,,,,,,,,,,,,,
FR100994_c5,FR100994,c5,3,SNind,Obl,SNind,SNind,SNind,,,,,,,,,,,,,,,
FR100994_c7,FR100994,c7,2,SNind,Obl,SNind,SNind,,,,,,,,,,,,,,,,
FR100994_c3,FR100994,c3,3,SNind,autre,SNind,SNposs,SNdem,,,,,,,,,,,,,,,
FR100994_c2,FR100994,c2,3,SNdef,OD,SNdef,SNind,Pro,,,,,,,,,,,,,,,
FR100994_c16,FR100994,c16,2,SNind,autre,SNind,SNind,,,,,,,,,,,,,,,,
FR100996_c3,FR100996,c3,2,SN∅,autre,SN∅,SN∅,,,,,,,,,,,,,,,,
FR100996_c4,FR100996,c4,4,SNind,autre,SNind,Pro,Pro,SNind,,,,,,,,,,,,,,
FR100996_c6,FR100996,c6,2,SNdef,Suj,SNdef,SNdef,,,,,,,,,,,,,,,,
FR100996_c7,FR100996,c7,2,SNdef,Obl,SNdef,SNdef,,,,,,,,,,,,,,,,
FR100996_c10,FR100996,c10,3,SNdef,autre,SNdef,SNdef,SNdef,,,,,,,,,,,,,,,
FR100996_c20,FR100996,c20,2,SNind,OD,SNind,Pro,,,,,,,,,,,,,,,,
FR100996_c21,FR100996,c21,2,SNind,autre,SNind,SNdef,,,,,,,,,,,,,,,,
FR100996_c24,FR100996,c24,2,SNind,autre,SNind,SNdef,,,,,,,,,,,,,,,,
FR100998_c5,FR100998,c5,3,Np,Obl,Np,SNdef,SNdem,,,,,,,,,,,,,,,
FR100998_c3,FR100998,c3,4,SNind,autre,SNind,SNdef,Pro,SNdef,,,,,,,,,,,,,,
FR101000_c3,FR101000,c3,2,SNdef,autre,SNdef,SNdef,,,,,,,,,,,,,,,,
FR101000_c5,FR101000,c5,4,SNdef,Suj,SNdef,SNdef,Pro,Poss,,,,,,,,,,,,,,
FR101000_c10,FR101000,c10,2,SNdef,autre,SNdef,Pro,,,,,,,,,,,,,,,,
FR101000_c11,FR101000,c11,2,SNind,OD,SNind,SNdef,,,,,,,,,,,,,,,,
